timestamp,open,high,low,close,volume
17/11/2017,83.12,83.12,82.24,82.4,21715498
16/11/2017,83.1,83.42,82.94,83.2,20956837
15/11/2017,83.47,83.69,82.69,82.98,19097333
14/11/2017,83.5,84.1,82.98,84.05,18604034
13/11/2017,83.66,83.94,83.46,83.93,14080820
10/11/2017,83.79,84.1,83.23,83.87,19340435
09/11/2017,84.11,84.27,82.9,84.09,20924172
08/11/2017,84.14,84.61,83.83,84.56,18034170
07/11/2017,84.77,84.9,83.93,84.27,17152583
06/11/2017,84.2,84.7,84.08,84.47,19039847
03/11/2017,84.08,84.54,83.4,84.14,17569120
02/11/2017,83.35,84.46,83.12,84.05,23822964
01/11/2017,83.68,83.76,82.88,83.18,22039635
31/10/2017,84.36,84.36,83.11,83.18,26728947
30/10/2017,83.7,84.33,83.11,83.89,31291801
27/10/2017,84.37,86.2,83.61,83.81,70877350
26/10/2017,79.2,79.42,78.75,78.76,29181652
25/10/2017,78.58,79.1,78.01,78.63,19714512
24/10/2017,78.9,79.2,78.46,78.86,16613928
23/10/2017,78.99,79.34,78.76,78.83,20479731
20/10/2017,78.32,78.97,78.22,78.81,22517092
19/10/2017,77.57,77.93,77.35,77.91,14982129
18/10/2017,77.67,77.85,77.37,77.61,13147124
17/10/2017,77.47,77.62,77.25,77.59,15953665
16/10/2017,77.42,77.81,77.35,77.65,12331147
13/10/2017,77.59,77.87,77.29,77.49,15250772
12/10/2017,76.49,77.29,76.37,77.12,16778148
11/10/2017,76.36,76.46,75.95,76.42,14780652
10/10/2017,76.33,76.63,76.14,76.29,13734627
09/10/2017,75.97,76.55,75.86,76.29,11364275
06/10/2017,75.67,76.03,75.54,76,13692791
05/10/2017,75.22,76.12,74.96,75.97,20656238
04/10/2017,74.09,74.72,73.71,74.69,13287346
03/10/2017,74.67,74.88,74.19,74.26,11935853
02/10/2017,74.71,75.01,74.3,74.61,15210338
29/09/2017,73.94,74.54,73.88,74.49,16700435
28/09/2017,73.54,73.97,73.31,73.87,10814063
27/09/2017,73.55,74.17,73.17,73.85,18934048
26/09/2017,73.67,73.81,72.99,73.26,17105469
25/09/2017,74.09,74.25,72.92,73.26,23502422
22/09/2017,73.99,74.51,73.85,74.41,13969937
21/09/2017,75.11,75.24,74.11,74.21,19038998
20/09/2017,75.35,75.55,74.31,74.94,20415084
19/09/2017,75.21,75.71,75.01,75.44,15606870
18/09/2017,75.23,75.97,75.04,75.16,22730355
15/09/2017,74.83,75.39,74.07,75.31,37901927
14/09/2017,75,75.49,74.52,74.77,15373384
13/09/2017,74.93,75.23,74.55,75.21,12998629
12/09/2017,74.76,75.24,74.37,74.68,14003880
11/09/2017,74.31,74.94,74.31,74.76,17428067
08/09/2017,74.33,74.44,73.84,73.98,14474383
07/09/2017,73.68,74.6,73.6,74.34,17165518
06/09/2017,73.74,74.04,73.35,73.4,15945136
05/09/2017,73.34,73.89,72.98,73.61,21432599
01/09/2017,74.71,74.74,73.64,73.94,21593192
31/08/2017,74.03,74.96,73.8,74.77,26688077
30/08/2017,73.01,74.21,72.83,74.01,16826094
29/08/2017,72.25,73.16,72.05,73.05,11325418
28/08/2017,73.06,73.09,72.55,72.83,14112777
25/08/2017,72.86,73.35,72.48,72.82,12574503
24/08/2017,72.74,72.86,72.07,72.69,15980144
23/08/2017,72.96,73.15,72.53,72.72,13586784
22/08/2017,72.35,73.24,72.35,73.16,14183146
21/08/2017,72.47,72.48,71.7,72.15,17656716
18/08/2017,72.27,72.84,71.93,72.49,18215276
17/08/2017,73.58,73.87,72.4,72.4,21834250
16/08/2017,73.34,74.1,73.17,73.65,17814317
15/08/2017,73.59,73.59,73.04,73.22,17791179
14/08/2017,73.06,73.72,72.95,73.59,19756773
11/08/2017,71.61,72.7,71.28,72.5,21121250
10/08/2017,71.9,72.19,71.35,71.41,23153711
09/08/2017,72.25,72.51,72.05,72.47,20401071
08/08/2017,72.09,73.13,71.75,72.79,21446993
07/08/2017,72.8,72.9,72.26,72.4,18705700
04/08/2017,72.4,73.04,72.24,72.68,22579000
03/08/2017,72.19,72.44,71.85,72.15,17937522
02/08/2017,72.55,72.56,71.44,72.26,26405096
01/08/2017,73.1,73.42,72.49,72.58,19060885
31/07/2017,73.3,73.44,72.41,72.7,23151962
28/07/2017,72.67,73.31,72.54,73.04,17472880
27/07/2017,73.76,74.42,72.32,73.16,35518251
26/07/2017,74.34,74.38,73.81,74.05,15850344
25/07/2017,73.8,74.31,73.5,74.19,21522189
24/07/2017,73.53,73.75,73.13,73.6,20836422
21/07/2017,73.45,74.29,73.17,73.79,45302930
20/07/2017,74.18,74.3,73.28,74.22,34174677
19/07/2017,73.5,74.04,73.45,73.86,21769229
18/07/2017,73.09,73.39,72.66,73.3,26150272
17/07/2017,72.8,73.45,72.72,73.35,21481069
14/07/2017,72.24,73.27,71.96,72.78,25689303
13/07/2017,71.5,72.0399,71.31,71.77,20149208
12/07/2017,70.69,71.28,70.55,71.15,17382861
11/07/2017,70,70.68,69.75,69.99,16880205
10/07/2017,69.46,70.25,69.2,69.98,14903400
07/07/2017,68.7,69.84,68.7,69.46,15897154
06/07/2017,68.27,68.78,68.12,68.57,20776555
05/07/2017,68.26,69.44,68.22,69.08,20174523
03/07/2017,69.33,69.6,68.02,68.17,16165500
30/06/2017,68.78,69.38,68.74,68.93,23039328
29/06/2017,69.38,69.49,68.09,68.49,28231562
28/06/2017,69.21,69.84,68.79,69.8,25226070
27/06/2017,70.11,70.18,69.18,69.21,24862560
26/06/2017,71.4,71.71,70.44,70.53,19308122
23/06/2017,70.09,71.25,69.92,71.21,23176418
22/06/2017,70.54,70.59,69.71,70.26,22222851
21/06/2017,70.21,70.62,69.94,70.27,19190623
20/06/2017,70.82,70.87,69.87,69.91,20775590
19/06/2017,70.5,70.94,70.35,70.87,23146852
16/06/2017,69.73,70.03,69.22,70,46911637
15/06/2017,69.27,70.21,68.8,69.9,25701569
14/06/2017,70.91,71.1,69.43,70.27,25271276
13/06/2017,70.02,70.82,69.96,70.65,24815455
12/06/2017,69.25,69.94,68.13,69.78,47363986
09/06/2017,72.04,72.08,68.59,70.32,48619420
08/06/2017,72.51,72.52,71.5,71.95,23982410
07/06/2017,72.64,72.77,71.95,72.39,21895156
06/06/2017,72.3,72.62,72.27,72.52,31220057
05/06/2017,71.97,72.89,71.81,72.28,29507429
02/06/2017,70.44,71.86,70.24,71.76,34586054
01/06/2017,70.24,70.61,69.45,70.1,21066468
31/05/2017,70.53,70.74,69.81,69.84,29538356
30/05/2017,69.79,70.41,69.77,70.41,16901792
26/05/2017,69.8,70.22,69.52,69.96,19644260
25/05/2017,68.97,69.88,68.91,69.62,21702912
24/05/2017,68.87,68.88,68.45,68.77,14422965
23/05/2017,68.72,68.75,68.38,68.68,15347877
22/05/2017,67.89,68.5,67.5,68.45,15484530
19/05/2017,67.5,68.1,67.43,67.69,26496478
18/05/2017,67.4,68.13,67.14,67.71,24789790
17/05/2017,68.89,69.1,67.43,67.48,29964198
16/05/2017,68.23,69.44,68.16,69.41,33250702
15/05/2017,68.14,68.48,67.57,68.43,30705323
12/05/2017,68.61,68.61,68.04,68.38,17073013
11/05/2017,68.36,68.73,68.12,68.46,27985424
10/05/2017,68.99,69.56,68.92,69.31,17842038
09/05/2017,68.86,69.28,68.68,69.04,22318181
08/05/2017,68.97,69.05,68.42,68.94,18446053
05/05/2017,68.9,69.03,68.49,69,18882845
04/05/2017,69.03,69.08,68.64,68.81,21421413
03/05/2017,69.38,69.38,68.71,69.08,28725646
02/05/2017,69.71,69.71,69.13,69.3,23000828
01/05/2017,68.68,69.55,68.5,69.41,31304672
28/04/2017,68.91,69.14,67.69,68.46,38940853
27/04/2017,68.15,68.38,67.58,68.27,32219234
26/04/2017,68.08,68.31,67.62,67.83,25544417
25/04/2017,67.9,68.04,67.6,67.92,29983174
24/04/2017,67.48,67.66,67.1,67.53,29721254
21/04/2017,65.67,66.7,65.45,66.4,32522645
20/04/2017,65.46,65.75,65.14,65.5,22299477
19/04/2017,65.65,65.75,64.89,65.04,26992771
18/04/2017,65.33,65.71,65.16,65.39,15155611
17/04/2017,65.04,65.49,65.01,65.48,16689265
13/04/2017,65.29,65.86,64.95,64.95,17896483
12/04/2017,65.42,65.51,65.11,65.23,17108513
11/04/2017,65.6,65.61,64.85,65.48,18791533
10/04/2017,65.61,65.82,65.36,65.53,17952742
07/04/2017,65.85,65.96,65.44,65.68,14089274
06/04/2017,65.6,66.06,65.48,65.73,18103453
05/04/2017,66.3,66.35,65.44,65.56,21448594
04/04/2017,65.39,65.81,65.28,65.73,12997449
03/04/2017,65.81,65.94,65.19,65.55,20400871
31/03/2017,65.65,66.19,65.45,65.86,21040331
30/03/2017,65.42,65.98,65.36,65.71,15122823
29/03/2017,65.12,65.5,64.95,65.47,13618424
28/03/2017,64.96,65.47,64.65,65.29,20080358
27/03/2017,64.63,65.22,64.35,65.1,18614662
24/03/2017,65.36,65.45,64.76,64.98,22617105
23/03/2017,64.94,65.24,64.77,64.87,19269203
22/03/2017,64.12,65.14,64.12,65.03,20680015
21/03/2017,65.19,65.5,64.13,64.21,26640480
20/03/2017,64.91,65.18,64.72,64.93,14598083
17/03/2017,64.91,65.24,64.68,64.87,49219686
16/03/2017,64.75,64.76,64.3,64.64,20674296
15/03/2017,64.55,64.92,64.25,64.75,24833810
14/03/2017,64.53,64.55,64.15,64.41,14280202
13/03/2017,65.01,65.19,64.57,64.71,20100035
10/03/2017,65.11,65.26,64.75,64.93,19538245
09/03/2017,65.19,65.2,64.48,64.73,19846832
08/03/2017,64.26,65.08,64.25,64.99,21510907
07/03/2017,64.19,64.78,64.19,64.4,18520987
06/03/2017,63.97,64.56,63.81,64.27,18750255
03/03/2017,63.99,64.28,63.62,64.25,18139405
02/03/2017,64.69,64.75,63.88,64.01,24539597
01/03/2017,64.13,64.99,64.02,64.94,26937459
28/02/2017,64.08,64.2,63.76,63.98,23239825
27/02/2017,64.54,64.54,64.05,64.23,15871507
24/02/2017,64.53,64.8,64.14,64.62,21796800
23/02/2017,64.42,64.73,64.19,64.62,20273128
22/02/2017,64.33,64.39,64.05,64.36,19292651
21/02/2017,64.61,64.95,64.45,64.49,20655869
17/02/2017,64.47,64.69,64.3,64.62,21248818
16/02/2017,64.74,65.24,64.44,64.52,20546345
15/02/2017,64.5,64.57,64.16,64.53,17005157
14/02/2017,64.41,64.72,64.02,64.57,23108426
13/02/2017,64.24,64.86,64.13,64.72,22920101
10/02/2017,64.25,64.3,63.98,64,18170729
09/02/2017,63.52,64.44,63.32,64.06,22644443
08/02/2017,63.57,63.81,63.22,63.34,18096358
07/02/2017,63.74,63.78,63.23,63.43,20277226
06/02/2017,63.5,63.65,63.14,63.64,19796360
03/02/2017,63.5,63.7,63.07,63.68,30301759
02/02/2017,63.25,63.41,62.75,63.17,45827013
01/02/2017,64.36,64.62,63.47,63.58,39671528
31/01/2017,64.86,65.15,64.26,64.65,25270549
30/01/2017,65.69,65.79,64.8,65.13,31651445
27/01/2017,65.39,65.91,64.89,65.78,44817972
26/01/2017,64.12,64.535,63.55,64.27,43554645
25/01/2017,63.95,64.1,63.45,63.68,24654933
24/01/2017,63.2,63.735,62.94,63.52,24672940
23/01/2017,62.7,63.1159,62.57,62.96,23097581
20/01/2017,62.67,62.82,62.37,62.74,30213462
19/01/2017,62.24,62.98,62.195,62.3,18451655
18/01/2017,62.67,62.7,62.12,62.5,19670102
17/01/2017,62.68,62.7,62.03,62.53,20663983
13/01/2017,62.62,62.865,62.35,62.7,19422310
12/01/2017,63.06,63.4,61.95,62.61,20968223
11/01/2017,62.61,63.23,62.43,63.19,21517335
10/01/2017,62.73,63.07,62.28,62.62,18593004
09/01/2017,62.76,63.08,62.54,62.64,20382730
06/01/2017,62.3,63.15,62.04,62.84,19922919
05/01/2017,62.19,62.66,62.03,62.3,24875968
04/01/2017,62.48,62.75,62.12,62.3,21339969
03/01/2017,62.79,62.84,62.125,62.58,20694101
30/12/2016,62.96,62.99,62.03,62.14,25579908
29/12/2016,62.86,63.2,62.73,62.9,10250582
28/12/2016,63.4,63.4,62.83,62.99,14653348
27/12/2016,63.21,64.07,63.21,63.28,11763173
23/12/2016,63.45,63.54,62.8,63.24,12403819
22/12/2016,63.84,64.1,63.405,63.55,22176585
21/12/2016,63.43,63.7,63.12,63.54,17096304
20/12/2016,63.69,63.8,63.025,63.54,26028379
19/12/2016,62.56,63.77,62.42,63.62,34338219
16/12/2016,62.95,62.95,62.115,62.3,42453083
15/12/2016,62.7,63.1535,62.3,62.58,27669868
14/12/2016,63,63.45,62.53,62.68,30352654
13/12/2016,62.5,63.42,62.24,62.98,35718868
12/12/2016,61.82,62.3,61.72,62.17,20198081
09/12/2016,61.18,61.99,61.125,61.97,27349356
08/12/2016,61.3,61.58,60.84,61.01,21220753
07/12/2016,60.01,61.38,59.8,61.37,30808969
06/12/2016,60.43,60.46,59.8,59.95,19907035
05/12/2016,59.7,60.585,59.56,60.22,23552658
02/12/2016,59.08,59.47,58.8,59.25,25515665
01/12/2016,60.11,60.15,58.935,59.2,34542121
30/11/2016,60.86,61.18,60.215,60.26,34655435
29/11/2016,60.65,61.41,60.52,61.09,22366721
28/11/2016,60.34,61.02,60.21,60.61,20732619
25/11/2016,60.3,60.53,60.13,60.53,8409616
23/11/2016,61.01,61.1,60.25,60.4,21848913
22/11/2016,60.98,61.26,60.805,61.12,23206700
21/11/2016,60.5,60.97,60.42,60.86,19652595
18/11/2016,60.78,61.14,60.3,60.35,27686311
17/11/2016,60.41,60.95,59.965,60.64,32132728
16/11/2016,58.94,59.66,58.81,59.65,27332475
15/11/2016,58.33,59.49,58.315,58.87,35904126
14/11/2016,59.02,59.08,57.28,58.12,41328422
11/11/2016,58.23,59.116,58.01,59.02,38767843
10/11/2016,60.48,60.49,57.6302,58.7,57822394
09/11/2016,60,60.59,59.2,60.17,49632479
08/11/2016,60.55,60.78,60.15,60.47,22935355
07/11/2016,59.78,60.52,59.78,60.42,31664798
04/11/2016,58.65,59.28,58.52,58.71,28697016
03/11/2016,59.53,59.64,59.11,59.21,21600427
02/11/2016,59.82,59.93,59.3,59.43,22147005
01/11/2016,59.97,60.02,59.25,59.8,24532986
31/10/2016,60.16,60.42,59.92,59.92,26434697
28/10/2016,60.01,60.52,59.58,59.87,33574684
27/10/2016,60.61,60.83,60.09,60.1,28479856
26/10/2016,60.81,61.2,60.47,60.63,29911608
25/10/2016,60.85,61.3699,60.8,60.99,35137164
24/10/2016,59.94,61,59.93,61,54066978
21/10/2016,60.28,60.45,59.485,59.66,80032206
20/10/2016,57.5,57.52,56.66,57.25,49455612
19/10/2016,57.47,57.84,57.395,57.53,22878397
18/10/2016,57.53,57.945,57.41,57.66,19149538
17/10/2016,57.36,57.46,56.87,57.22,23830014
14/10/2016,57.12,57.74,57.12,57.42,27402451
13/10/2016,56.7,57.3,56.315,56.92,25313748
12/10/2016,57.11,57.27,56.4,57.11,22177464
11/10/2016,57.89,58.02,56.89,57.19,26497418
10/10/2016,57.91,58.39,57.87,58.04,18196509
07/10/2016,57.85,57.98,57.42,57.8,20089020
06/10/2016,57.74,57.86,57.28,57.74,16212611
05/10/2016,57.29,57.9601,57.26,57.64,16726411
04/10/2016,57.27,57.595,56.97,57.24,20085874
03/10/2016,57.405,57.55,57.06,57.42,19189515
30/09/2016,57.57,57.77,57.34,57.6,29910788
29/09/2016,57.81,58.1679,57.21,57.4,25463536
28/09/2016,57.88,58.06,57.67,58.03,20536400
27/09/2016,56.93,58.06,56.681,57.95,28065071
26/09/2016,57.08,57.14,56.83,56.9,21688720
23/09/2016,57.87,57.91,57.38,57.43,19955336
22/09/2016,57.92,58,57.63,57.82,19822203
21/09/2016,57.51,57.85,57.08,57.76,33707272
20/09/2016,57.35,57.35,56.75,56.81,17383982
19/09/2016,57.27,57.75,56.85,56.93,20937104
16/09/2016,57.63,57.63,56.75,57.25,44606965
15/09/2016,56.15,57.35,55.98,57.19,27062614
14/09/2016,56.39,56.63,56.03,56.26,24274273
13/09/2016,56.5,56.65,56.05,56.53,30130213
12/09/2016,56,57.205,55.61,57.05,29302962
09/09/2016,56.79,57.52,56.21,56.21,35113934
08/09/2016,57.63,57.79,57.18,57.43,20146083
07/09/2016,57.47,57.84,57.405,57.66,17493359
06/09/2016,57.78,57.8,57.21,57.61,16278416
02/09/2016,57.67,58.19,57.42,57.67,18900489
01/09/2016,57.01,57.82,57.01,57.59,26075363
31/08/2016,57.65,57.8,57.3,57.46,20860269
30/08/2016,57.98,58.19,57.61,57.89,16930185
29/08/2016,58.18,58.6,58.1,58.1,16417207
26/08/2016,58.28,58.7,57.69,58.03,20971202
25/08/2016,57.88,58.29,57.78,58.17,18552579
24/08/2016,57.8,58.04,57.715,57.95,18151506
23/08/2016,57.9,58.18,57.85,57.89,18732373
22/08/2016,57.6,57.75,57.26,57.67,15221922
19/08/2016,57.43,57.73,57.2,57.62,17271044
18/08/2016,57.42,57.7,57.27,57.6,14214341
17/08/2016,57.54,57.68,57.23,57.56,18856423
16/08/2016,57.61,57.62,57.27,57.44,20523493
15/08/2016,58.01,58.5,57.96,58.12,19283902
12/08/2016,58.03,58.19,57.62,57.94,21655161
11/08/2016,58.03,58.45,58.03,58.3,18162301
10/08/2016,58.16,58.32,57.82,58.02,15756913
09/08/2016,58.17,58.5,58.02,58.2,16920721
08/08/2016,58.055,58.085,57.78,58.06,19473499
05/08/2016,57.65,58.21,57.45,57.96,29335221
04/08/2016,56.8,57.5193,56.67,57.39,26587749
03/08/2016,56.68,57.11,56.49,56.97,22075616
02/08/2016,56.85,56.9,56.31,56.58,35121958
01/08/2016,56.6,56.75,56.14,56.58,26003419
29/07/2016,56.26,56.76,56.05,56.68,30558718
28/07/2016,56,56.37,55.72,56.21,37550411
27/07/2016,56.61,56.8,56.11,56.19,32327477
26/07/2016,56.52,57.29,56.51,56.76,28078995
25/07/2016,56.47,56.74,56.255,56.73,25610587
22/07/2016,56.08,56.6275,55.78,56.57,32157167
21/07/2016,55.98,56.23,55.76,55.8,32776653
20/07/2016,56.15,56.84,55.53,55.91,89893301
19/07/2016,53.71,53.9,52.93,53.09,53336533
18/07/2016,53.7,54.34,53.55,53.96,31433864
15/07/2016,53.95,54,53.21,53.7,32024385
14/07/2016,53.84,53.99,53.58,53.74,24545520
13/07/2016,53.56,53.86,53.18,53.51,25356841
12/07/2016,52.94,53.4,52.785,53.21,27317555
11/07/2016,52.5,52.83,52.47,52.59,22269203
08/07/2016,51.73,52.36,51.55,52.3,28391026
07/07/2016,51.42,51.61,51.07,51.38,19585194
06/07/2016,50.78,51.54,50.39,51.38,28167461
05/07/2016,50.83,51.28,50.74,51.17,24806351
01/07/2016,51.13,51.72,51.07,51.16,21400392
30/06/2016,50.72,51.3,50.5,51.17,28527781
29/06/2016,49.91,50.72,49.8,50.54,31304021
28/06/2016,48.92,49.47,48.67,49.44,38140658
27/06/2016,49.1,49.1466,48.035,48.43,50576699
24/06/2016,49.81,50.94,49.52,49.83,133502985
23/06/2016,51.28,52.06,51.15,51.91,29028833
22/06/2016,51.08,51.46,50.9525,50.99,28816848
21/06/2016,50.2,51.43,50.16,51.19,34097825
20/06/2016,50.64,50.83,50.03,50.07,35607946
17/06/2016,50.41,50.43,49.82,50.13,45710516
16/06/2016,49.52,50.47,49.5068,50.39,31188605
15/06/2016,49.78,50.12,49.69,49.69,33757639
14/06/2016,49.9,50.1,49.57,49.83,42577106
13/06/2016,49.58,50.715,49.06,50.14,83217844
10/06/2016,51.05,52.05,51.04,51.48,25833151
09/06/2016,52,52,51.49,51.62,20305664
08/06/2016,52.02,52.44,51.87,52.04,21149438
07/06/2016,52.24,52.73,52.1,52.1,20866770
06/06/2016,51.99,52.35,51.89,52.13,18243271
03/06/2016,52.38,52.42,51.6,51.79,23368291
02/06/2016,52.64,52.74,51.835,52.48,22840779
01/06/2016,52.44,52.95,52.44,52.85,25324828
31/05/2016,52.26,53,52.08,53,37653081
27/05/2016,51.92,52.32,51.77,52.32,17721438
26/05/2016,51.93,51.9793,51.36,51.89,24335223
25/05/2016,51.92,52.49,51.79,52.12,24204566
24/05/2016,50.7,51.71,50.4,51.59,34757944
23/05/2016,50.6,50.68,49.98,50.03,26118720
20/05/2016,50.48,51.22,50.4,50.62,23905769
19/05/2016,50.47,50.62,49.82,50.32,23842358
18/05/2016,50.48,51.14,50.3,50.81,24907532
17/05/2016,51.72,51.73,50.36,50.51,27803514
16/05/2016,50.8,51.96,50.75,51.83,20032017
13/05/2016,51.44,51.895,51.04,51.08,22592342
12/05/2016,51.2,51.81,50.92,51.51,24102781
11/05/2016,51.13,51.78,51,51.05,24039140
10/05/2016,50.33,51.1,50.19,51.02,22890966
09/05/2016,50.49,50.585,50,50.07,17951598
06/05/2016,49.92,50.39,49.66,50.39,24787301
05/05/2016,49.87,50.3,49.73,49.94,25390718
04/05/2016,49.84,50.06,49.46,49.87,24257556
03/05/2016,50.34,50.41,49.6,49.78,26460244
02/05/2016,50,50.75,49.7799,50.61,33114539
29/04/2016,49.35,50.25,49.35,49.87,48411684
28/04/2016,50.62,50.77,49.56,49.9,43134846
27/04/2016,51.48,51.5,50.55,50.94,43369256
26/04/2016,52.26,52.35,51.09,51.44,33532636
25/04/2016,51.78,52.13,51.63,52.11,33226948
22/04/2016,51.91,52.43,50.77,51.78,126834100
21/04/2016,55.8,56.23,55.415,55.78,38909096
20/04/2016,56.29,56.5,55.485,55.59,36195714
19/04/2016,56.63,56.77,55.68,56.39,29596827
18/04/2016,55.49,56.59,55.21,56.46,23785950
15/04/2016,55.3,55.92,55.11,55.65,28793753
14/04/2016,55.22,55.575,55.07,55.36,20877108
13/04/2016,55.12,55.4375,54.89,55.35,20817961
12/04/2016,54.37,54.78,53.76,54.65,24944288
11/04/2016,54.49,55.15,54.3,54.31,21414227
08/04/2016,54.67,55.28,54.32,54.42,22167223
07/04/2016,54.87,54.91,54.23,54.46,19225092
06/04/2016,54.36,55.2,54.21,55.12,21188682
05/04/2016,55.19,55.3,54.46,54.56,19272255
04/04/2016,55.43,55.66,55,55.43,18928810
01/04/2016,55.05,55.61,54.57,55.57,24399193
31/03/2016,54.95,55.59,54.86,55.23,26360495
30/03/2016,54.93,55.64,54.9,55.05,23008260
29/03/2016,53.66,54.86,53.45,54.71,23924329
28/03/2016,54.21,54.29,53.33,53.54,17025050
24/03/2016,53.84,54.33,53.73,54.21,19949972
23/03/2016,54.11,54.24,53.74,53.97,20129015
22/03/2016,53.61,54.25,53.46,54.07,23124143
21/03/2016,53.25,53.9298,52.93,53.86,23925716
18/03/2016,54.92,54.97,53.445,53.49,67625518
17/03/2016,54.21,55,54,54.66,28223947
16/03/2016,53.45,54.6,53.4,54.35,31691742
15/03/2016,52.75,53.59,52.74,53.59,21104763
14/03/2016,52.71,53.59,52.63,53.17,24083616
11/03/2016,53,53.07,52.38,53.07,32275677
10/03/2016,52.93,52.94,51.16,52.05,38387804
09/03/2016,51.89,52.85,51.855,52.84,28251588
08/03/2016,50.8,52.13,50.595,51.65,33075517
07/03/2016,51.56,51.8,50.58,51.03,38428816
04/03/2016,52.4,52.45,51.71,52.03,33034150
03/03/2016,52.97,52.97,51.78,52.35,24427813
02/03/2016,52.41,52.96,52.155,52.95,29289884
01/03/2016,50.97,52.59,50.9199,52.58,33024535
29/02/2016,51.35,51.65,50.66,50.88,31654036
26/02/2016,52.6,52.68,51.1,51.3,35975925
25/02/2016,51.73,52.1,50.61,52.1,26939467
24/02/2016,50.69,51.5,50.2,51.36,33014457
23/02/2016,52.34,52.37,50.98,51.18,28895274
22/02/2016,52.28,53,52.28,52.65,25008291
19/02/2016,51.97,52.28,51.53,51.82,33559073
18/02/2016,52.33,52.95,52.1,52.19,27176035
17/02/2016,51.49,52.77,51.45,52.42,40788968
16/02/2016,50.9,51.09,50.13,51.09,37291208
12/02/2016,50.25,50.68,49.75,50.5,34243324
11/02/2016,48.68,50.11,48.51,49.69,48878571
10/02/2016,49.89,50.39,49.52,49.71,38236954
09/02/2016,49.02,50.24,48.67,49.28,46740474
08/02/2016,49.55,49.57,48.19,49.41,59290497
05/02/2016,51.94,52,49.56,50.16,62008994
04/02/2016,52.1,52.81,51.37,52,46987123
03/02/2016,53.25,53.39,51.26,52.16,57559814
02/02/2016,54.17,54.26,52.65,53,56313753
01/02/2016,54.88,55.09,54.495,54.71,44208542
29/01/2016,54.73,55.09,54,55.09,83611686
28/01/2016,51.86,52.21,51.25,52.055,62513789
27/01/2016,52.01,52.2,51.0201,51.22,36775194
26/01/2016,51.79,52.44,51.55,52.17,28900820
25/01/2016,51.94,52.65,51.65,51.79,34707717
22/01/2016,51.41,52.33,51.26,52.29,37555789
21/01/2016,51,51.58,50.3,50.48,40191157
20/01/2016,49.98,51.38,49.1,50.79,63272993
19/01/2016,51.48,51.68,50.06,50.56,43564538
15/01/2016,51.31,51.97,50.34,50.99,71820697
14/01/2016,52,53.4163,51.57,53.11,52381918
13/01/2016,53.8,54.07,51.3038,51.64,66883571
12/01/2016,52.76,53.1,52.06,52.78,36095539
11/01/2016,52.51,52.85,51.46,52.3,36943756
08/01/2016,52.37,53.28,52.15,52.33,48753969
07/01/2016,52.7,53.485,52.07,52.17,56564852
06/01/2016,54.32,54.4001,53.64,54.05,39518863
05/01/2016,54.93,55.39,54.54,55.05,34079674
04/01/2016,54.32,54.8,53.39,54.8,53777963
31/12/2015,56.04,56.19,55.42,55.48,27334061
30/12/2015,56.47,56.78,56.2875,56.31,21704505
29/12/2015,56.29,56.85,56.06,56.55,27731403
28/12/2015,55.35,55.95,54.98,55.95,22458293
24/12/2015,55.86,55.96,55.43,55.67,9570002
23/12/2015,55.7,55.88,55.44,55.82,27279832
22/12/2015,54.99,55.48,54.5,55.35,28322241
21/12/2015,54.88,55.35,54.2262,54.83,37246325
18/12/2015,55.77,56,54.03,54.13,84684164
17/12/2015,56.36,56.79,55.5348,55.7,41280907
16/12/2015,55.54,56.245,54.76,56.13,37503300
15/12/2015,55.66,55.9,55.09,55.2,39842998
14/12/2015,54.33,55.21,53.68,55.14,47006491
11/12/2015,54.71,55.1,54.01,54.06,39549497
10/12/2015,55.39,55.655,55.01,55.27,31775826
09/12/2015,55.37,55.87,54.51,54.98,36373209
08/12/2015,55.47,56.1,54.99,55.79,32878026
07/12/2015,55.79,55.97,55.29,55.81,30709765
04/12/2015,54.12,56.23,54.1,55.91,43963662
03/12/2015,55.49,55.77,53.93,54.2,38627835
02/12/2015,55.32,55.96,55.06,55.21,47274879
01/12/2015,54.41,55.23,54.3,55.22,39952779
30/11/2015,54.54,54.96,53.9999,54.35,56241417
27/11/2015,53.8,54.08,53.79,53.93,9009132
25/11/2015,54.09,54.23,53.69,53.69,21005147
24/11/2015,53.92,54.44,53.58,54.25,24600043
23/11/2015,54.25,54.46,53.75,54.19,28235918
20/11/2015,54.25,54.3,53.265,54.19,37147608
19/11/2015,53.99,54.66,53.781,53.94,28149228
18/11/2015,53,53.98,52.9799,53.85,29710030
17/11/2015,53.17,53.53,52.85,52.97,31546754
16/11/2015,53.08,53.89,52.85,53.765,32165198
13/11/2015,53.07,53.29,52.53,52.84,36848175
12/11/2015,53.48,53.9791,53.19,53.32,35361095
11/11/2015,53.7,54.2,53.46,53.65,36516260
10/11/2015,54.07,54.13,53.27,53.51,55283697
09/11/2015,54.55,54.87,53.56,54.16,32513067
06/11/2015,54.085,54.98,53.964,54.92,32851204
05/11/2015,54.49,54.7,54,54.38,31468485
04/11/2015,54.18,54.88,54.06,54.4,37087849
03/11/2015,52.93,54.39,52.9,54.15,36596931
02/11/2015,52.85,53.36,52.62,53.24,30284982
30/10/2015,53.32,53.99,52.62,52.64,46619761
29/10/2015,53.54,53.83,53.22,53.36,30202078
28/10/2015,53.54,53.98,52.86,53.98,47000753
27/10/2015,53.99,54.37,53.58,53.69,50999907
26/10/2015,52.53,54.32,52.5,54.25,64633324
23/10/2015,52.3,54.07,52.25,52.87,135227100
22/10/2015,47.53,48.95,47.09,48.03,56637074
21/10/2015,47.92,47.99,47.11,47.2,25264710
20/10/2015,47.44,47.81,47.02,47.77,30802235
19/10/2015,47.42,47.88,47.02,47.62,29387581
16/10/2015,47.02,47.54,46.897,47.51,26450334
15/10/2015,47.01,47.03,46.53,47.01,27189370
14/10/2015,46.65,47.1,46.53,46.68,24697766
13/10/2015,46.56,47.1299,46.56,46.89,19987816
12/10/2015,46.98,47.07,46.5,47,19769066
09/10/2015,47.45,47.54,46.92,47.11,28600632
08/10/2015,46.56,47.515,46.5,47.45,33772709
07/10/2015,47.1,47.35,45.95,46.8,27711492
06/10/2015,46.33,47.175,46.22,46.75,27510808
05/10/2015,45.745,46.89,45.7,46.63,34369286
02/10/2015,44.27,45.57,43.92,45.57,41839035
01/10/2015,44.75,44.75,43.75,44.61,28657859
30/09/2015,43.88,44.3,43.66,44.26,33172693
29/09/2015,43.37,43.57,43.05,43.44,32763557
28/09/2015,43.83,44.085,43.205,43.29,27099680
25/09/2015,44.48,44.73,43.76,43.94,29384601
24/09/2015,43.45,44.13,43.27,43.91,27905607
23/09/2015,43.93,44.17,43.51,43.87,17145238
22/09/2015,43.38,44.05,43.31,43.9,28085903
21/09/2015,43.62,44.47,43.6,44.11,26177224
18/09/2015,43.5,43.99,43.33,43.48,63143684
17/09/2015,44.29,45,44.08,44.25,32768161
16/09/2015,43.97,44.38,43.84,44.3,23372162
15/09/2015,43.19,44.29,43.08,43.98,28882206
14/09/2015,43.43,43.44,42.86,43.04,23656048
11/09/2015,43.14,43.59,42.9399,43.48,27132527
10/09/2015,43.12,43.79,42.745,43.29,31366630
09/09/2015,44.21,44.4,42.91,43.07,33469485
08/09/2015,43.3,44,43.2,43.89,32469766
04/09/2015,42.81,43.04,42.195,42.61,37138775
03/09/2015,43.41,43.98,43.28,43.5,28285205
02/09/2015,42.24,43.38,41.88,43.36,37671518
01/09/2015,42.23,42.59,41.66,41.82,49688896
31/08/2015,43.74,43.93,43.1,43.52,34441662
28/08/2015,43.47,44.15,43.39,43.93,28246725
27/08/2015,43.14,43.95,42.925,43.9,50943211
26/08/2015,42.01,42.84,41.06,42.71,63407996
25/08/2015,42.565,43.24,40.39,40.47,70616597
24/08/2015,40.45,43.31,39.72,41.68,88753660
21/08/2015,45.3,45.48,43.07,43.07,70053084
20/08/2015,46.07,46.47,45.66,45.66,36238227
19/08/2015,46.78,47.08,46.3,46.61,31485511
18/08/2015,46.84,47.43,46.7,47.27,23574104
17/08/2015,46.81,47.45,46.57,47.32,21099746
14/08/2015,46.53,47.1,46.52,47,21473402
13/08/2015,47.06,47.1,46.49,46.73,22627241
12/08/2015,46.19,46.9,45.705,46.74,30198532
11/08/2015,46.82,46.94,45.9,46.41,29237402
10/08/2015,46.95,47.49,46.84,47.33,23079870
07/08/2015,46.39,46.78,46.26,46.74,19163038
06/08/2015,47.71,47.77,46.33,46.62,27368000
05/08/2015,47.98,48.41,47.54,47.58,26739584
04/08/2015,46.75,47.71,46.68,47.54,33403916
03/08/2015,46.98,47,46.45,46.81,24125886
31/07/2015,47.29,47.37,46.5,46.7,31201480
30/07/2015,46.26,47.4,45.93,46.88,39777883
29/07/2015,45.4,46.78,45.26,46.29,40945864
28/07/2015,45.58,45.639,44.79,45.34,34328948
27/07/2015,45.94,46.01,45.25,45.35,39701420
24/07/2015,45.91,46.32,45.8,45.94,32333244
23/07/2015,45.27,46.23,45.1,46.11,33934010
22/07/2015,45.44,46.93,45.203,45.54,59152427
21/07/2015,46.78,47.33,46.48,47.28,42781899
20/07/2015,46.65,47.13,46.44,46.92,30631905
17/07/2015,46.55,46.78,46.26,46.62,29467107
16/07/2015,46.01,46.69,45.965,46.66,26271673
15/07/2015,45.68,45.89,45.43,45.76,26629615
14/07/2015,45.45,45.96,45.31,45.62,22880260
13/07/2015,44.975,45.62,44.9501,45.54,28178329
10/07/2015,45.01,45.14,44.57,44.61,25465757
09/07/2015,44.75,45.22,44.5,44.52,32424672
08/07/2015,44.44,44.9,44.03,44.24,39785901
07/07/2015,44.34,44.49,43.32,44.3,36435827
06/07/2015,43.96,44.48,43.95,44.39,23033961
02/07/2015,44.48,44.75,44.06,44.4,21752013
01/07/2015,44.46,45.23,44.1,44.445,28343907
30/06/2015,44.71,44.72,43.94,44.15,35945384
29/06/2015,45.04,45.23,44.36,44.37,34081746
26/06/2015,45.65,46.28,45.03,45.26,49835287
25/06/2015,46.03,46.06,45.5,45.65,20615995
24/06/2015,45.67,46.245,45.55,45.635,34890901
23/06/2015,46.13,46.28,45.62,45.91,25896473
22/06/2015,46.33,46.72,46.16,46.23,20318055
19/06/2015,46.79,46.825,45.99,46.1,63837036
18/06/2015,46.22,46.8,46.17,46.72,32658343
17/06/2015,45.73,46.07,45.36,45.97,28704061
16/06/2015,45.35,46.24,45.3,45.83,27070306
15/06/2015,45.45,45.65,45.0201,45.475,33254517
12/06/2015,46.22,46.47,45.9,45.97,23930972
11/06/2015,46.66,46.92,46.13,46.44,27347758
10/06/2015,45.79,46.83,45.69,46.61,28417405
09/06/2015,45.76,45.94,45.46,45.65,24406057
08/06/2015,46.3,46.43,45.67,45.73,22121634
05/06/2015,46.31,46.52,45.84,46.14,25438086
04/06/2015,46.79,47.16,46.2,46.36,27745512
03/06/2015,47.37,47.735,46.82,46.85,28002154
02/06/2015,46.93,47.35,46.62,46.92,21498326
01/06/2015,47.06,47.77,46.62,47.23,28837332
29/05/2015,47.43,47.57,46.59,46.86,36519594
28/05/2015,47.5,48.02,47.39,47.45,19283666
27/05/2015,46.82,47.77,46.62,47.61,27335639
26/05/2015,46.83,46.88,46.19,46.59,29581860
22/05/2015,47.3,47.35,46.82,46.9,25720583
21/05/2015,47.28,47.6,47.005,47.42,22410698
20/05/2015,47.39,47.93,47.27,47.58,25047919
19/05/2015,47.56,47.81,47.18,47.58,28574813
18/05/2015,47.98,48.22,47.61,48.01,24136502
15/05/2015,48.87,48.905,48.05,48.295,28642694
14/05/2015,48.0301,48.82,48.03,48.72,32980892
13/05/2015,48.19,48.32,47.57,47.625,34184613
12/05/2015,46.85,47.68,46.42,47.35,29928264
11/05/2015,47.55,47.91,47.37,47.37,24609416
08/05/2015,47.55,47.98,47.52,47.75,35364911
07/05/2015,46.27,47.085,46.16,46.7,32971654
06/05/2015,47.57,47.77,46.02,46.28,52433020
05/05/2015,47.82,48.16,47.31,47.6,50369191
04/05/2015,48.37,48.87,48.18,48.24,34039485
01/05/2015,48.58,48.875,48.4,48.655,38937336
30/04/2015,48.7,49.54,48.6,48.64,64725457
29/04/2015,48.72,49.31,48.5,49.06,47804562
28/04/2015,47.78,49.21,47.7,49.155,60730778
27/04/2015,47.23,48.13,47.22,48.03,59248172
24/04/2015,45.66,48.14,45.65,47.87,130933700
23/04/2015,42.89,43.61,42.8,43.34,46309530
22/04/2015,42.67,43.13,42.55,42.985,25064273
21/04/2015,43,43.15,42.53,42.635,26013844
20/04/2015,41.73,43.17,41.68,42.905,46057733
17/04/2015,41.67,41.74,41.16,41.615,42387608
16/04/2015,41.95,42.34,41.82,42.16,22509652
15/04/2015,41.76,42.46,41.68,42.255,27343581
14/04/2015,41.8,42.03,41.39,41.65,24244382
13/04/2015,41.4,42.06,41.39,41.76,30276692
10/04/2015,41.63,41.95,41.41,41.72,28022002
09/04/2015,41.25,41.62,41.25,41.48,25723861
08/04/2015,41.46,41.69,41.04,41.42,24753438
07/04/2015,41.61,41.91,41.31,41.53,28809375
06/04/2015,40.34,41.78,40.18,41.545,39223692
02/04/2015,40.66,40.74,40.12,40.29,37487476
01/04/2015,40.6,40.76,40.31,40.72,36865322
31/03/2015,40.78,41.03,40.54,40.655,34887219
30/03/2015,41.1,41.54,40.91,40.96,35049662
27/03/2015,41.12,41.43,40.83,40.97,34401398
26/03/2015,41.22,41.61,40.92,41.21,37495627
25/03/2015,42.92,42.925,41.44,41.46,43469907
24/03/2015,42.78,43.17,42.75,42.9,25513252
23/03/2015,42.88,43.13,42.78,42.855,26246086
20/03/2015,42.56,42.98,42.49,42.88,71904529
19/03/2015,42.26,42.59,42.22,42.285,33879066
18/03/2015,41.43,42.83,41.33,42.5,44194771
17/03/2015,41.37,41.83,41.15,41.695,31673448
16/03/2015,41.47,41.64,41.28,41.56,35273452
13/03/2015,40.7,41.47,40.61,41.38,58007705
12/03/2015,41.33,41.65,40.86,41.02,59992502
11/03/2015,42.31,42.37,41.84,41.98,32215314
10/03/2015,42.35,42.71,42.03,42.03,39159730
09/03/2015,42.19,43.125,42.19,42.85,32107957
06/03/2015,43,43.11,42.15,42.36,36248785
05/03/2015,43.07,43.24,42.82,43.11,23193541
04/03/2015,43.01,43.21,42.88,43.055,25748692
03/03/2015,43.56,43.825,43.09,43.28,31748648
02/03/2015,43.67,44.19,43.55,43.88,31924049
27/02/2015,44.13,44.2,43.66,43.85,33807740
26/02/2015,43.99,44.23,43.89,44.055,28957329
25/02/2015,43.95,44.09,43.8,43.99,29759820
24/02/2015,44.15,44.3,43.92,44.09,25271747
23/02/2015,43.7,44.19,43.65,44.15,32518754
20/02/2015,43.51,43.88,43.29,43.855,29721133
19/02/2015,43.18,43.5263,43.05,43.5,27603420
18/02/2015,43.63,43.7,43.39,43.53,27111657
17/02/2015,43.97,44,43.19,43.58,33695749
13/02/2015,43.38,43.87,43.15,43.87,40264887
12/02/2015,42.66,43.09,42.51,43.09,33268831
11/02/2015,42.65,42.65,42.21,42.38,38262509
10/02/2015,42.74,42.77,42.18,42.6,29670676
09/02/2015,42.24,42.74,42.21,42.36,31381061
06/02/2015,42.68,42.79,42.15,42.41,34616554
05/02/2015,42.22,42.64,41.855,42.45,36548168
04/02/2015,41.94,42.21,41.36,41.84,41614812
03/02/2015,41.63,41.93,41.045,41.6,52082448
02/02/2015,40.59,41.37,40.23,41.28,50352532
30/01/2015,41.55,41.58,40.35,40.4,78004944
29/01/2015,40.93,42.12,40.79,42.01,63585273
28/01/2015,42.74,42.79,41.16,41.19,84507078
27/01/2015,42.95,43.2,42.11,42.66,169164000
26/01/2015,47,47.1339,46.2399,47.01,42525530
23/01/2015,47.36,47.39,46.8,47.18,26211594
22/01/2015,46.38,47.135,46.08,47.13,35898035
21/01/2015,45.94,46.14,45.48,45.92,39081143
20/01/2015,46.3,46.65,45.57,46.39,36161860
16/01/2015,45.31,46.28,45.17,46.24,35695289
15/01/2015,46.22,46.38,45.41,45.48,32750779
14/01/2015,45.96,46.24,45.62,45.955,29719580
13/01/2015,46.97,47.91,46.06,46.355,35270601
12/01/2015,47.42,47.54,46.36,46.6,23651887
09/01/2015,47.61,47.82,46.9,47.19,23715642
08/01/2015,46.75,47.7499,46.72,47.59,29645202
07/01/2015,45.98,46.46,45.49,46.23,29114061
06/01/2015,46.38,46.749,45.54,45.65,36447854
05/01/2015,46.37,46.73,46.25,46.325,39673865
02/01/2015,46.66,47.42,46.54,46.76,27913852
31/12/2014,46.73,47.44,46.45,46.45,21552450
30/12/2014,47.44,47.62,46.84,47.02,16384692
29/12/2014,47.7,47.78,47.26,47.45,14439518
26/12/2014,48.41,48.41,47.82,47.88,13197817
24/12/2014,48.64,48.64,48.08,48.14,11442790
23/12/2014,48.37,48.8,48.13,48.45,23656529
22/12/2014,47.78,48.12,47.71,47.98,26565984
19/12/2014,47.63,48.1,47.17,47.66,64551182
18/12/2014,46.58,47.52,46.3386,47.52,40105550
17/12/2014,45.05,45.945,44.9,45.74,34970865
16/12/2014,45.9,46.34,45.13,45.16,47801392
15/12/2014,47.2,47.67,46.55,46.67,29247761
12/12/2014,46.78,47.73,46.67,46.95,34248371
11/12/2014,47.08,47.74,46.68,47.17,29061918
10/12/2014,47.58,47.66,46.7001,46.9,30431788
09/12/2014,47.11,47.92,47.05,47.59,24330506
08/12/2014,48.26,48.35,47.445,47.695,26663107
05/12/2014,48.82,48.97,48.38,48.42,27313449
04/12/2014,48.39,49.06,48.2,48.84,30345132
03/12/2014,48.44,48.5,47.805,48.08,23534752
02/12/2014,48.84,49.05,48.2,48.46,25773478
01/12/2014,47.88,48.78,47.71,48.62,31191575
28/11/2014,47.95,48.195,47.61,47.81,21534426
26/11/2014,47.49,47.99,47.28,47.75,27164877
25/11/2014,47.66,47.97,47.45,47.47,28007993
24/11/2014,47.99,48,47.39,47.59,35434245
21/11/2014,49.02,49.05,47.57,47.98,42884795
20/11/2014,48,48.7,47.87,48.7,21510587
19/11/2014,48.66,48.7549,47.93,48.22,26177450
18/11/2014,49.13,49.325,48.7,48.74,23996457
17/11/2014,49.41,49.705,49.14,49.46,30318648
14/11/2014,49.74,50.045,49.39,49.58,29081657
13/11/2014,48.81,49.645,48.705,49.61,26210433
12/11/2014,48.56,48.92,48.52,48.78,22722123
11/11/2014,48.85,48.93,48.645,48.87,23445239
10/11/2014,48.65,49.15,48.55,48.89,36370067
07/11/2014,48.92,48.92,48.2901,48.68,28000598
06/11/2014,47.86,48.86,47.79,48.7,33037841
05/11/2014,47.8,47.9,47.26,47.86,22449594
04/11/2014,47.301,47.73,47.25,47.57,21530813
03/11/2014,46.89,47.46,46.73,47.44,23130397
31/10/2014,46.94,46.97,46.48,46.95,35849656
30/10/2014,46.32,46.32,45.77,46.05,30073873
29/10/2014,46.44,46.7,46.34,46.62,30283622
28/10/2014,45.86,46.5,45.77,46.49,29049750
27/10/2014,45.71,46.1,45.71,45.91,30371308
24/10/2014,46.83,46.9,45.18,46.13,61081039
23/10/2014,44.62,45.445,44.53,45.02,45451869
22/10/2014,45,45.07,44.225,44.38,33579817
21/10/2014,44.36,44.975,44.19,44.88,36433824
20/10/2014,43.06,44.14,42.81,44.08,34530887
17/10/2014,43.2,43.935,42.79,43.63,40683346
16/10/2014,42.53,43.08,42.22,42.74,49040989
15/10/2014,43,43.39,42.1,43.22,60220961
14/10/2014,43.87,44.38,43.56,43.73,38120558
13/10/2014,43.82,44.56,43.49,43.65,37100207
10/10/2014,45.6,46.12,43.95,44.03,51978146
09/10/2014,46.5,46.8,45.74,45.85,34426595
08/10/2014,45.48,46.89,45.34,46.78,33030972
07/10/2014,45.86,45.93,45.42,45.53,25724544
06/10/2014,46.12,46.3,45.9199,46.09,20603960
03/10/2014,45.98,46.3,45.61,46.09,32453273
02/10/2014,45.83,46.1,45.64,45.76,25119508
01/10/2014,46.27,46.53,45.845,45.9,38088355
30/09/2014,46.37,46.4763,46.01,46.36,33033086
29/09/2014,45.98,46.56,45.76,46.44,26090980
26/09/2014,45.93,46.62,45.76,46.41,27078764
25/09/2014,46.88,47.09,46.03,46.04,32777043
24/09/2014,46.63,47.11,46.34,47.08,26480359
23/09/2014,46.85,46.98,46.47,46.56,33430300
22/09/2014,47.3,47.38,46.98,47.06,38655900
19/09/2014,46.81,47.57,46.6,47.52,202522400
18/09/2014,46.59,46.83,46.46,46.68,35533100
17/09/2014,46.26,46.69,46.23,46.52,38249200
16/09/2014,46.39,46.85,46.29,46.76,27865200
15/09/2014,46.54,46.71,46.1,46.24,37630700
12/09/2014,46.91,47.02,46.6,46.695,38244700
11/09/2014,46.74,47,46.47,47,29216400
10/09/2014,46.8201,46.94,46.28,46.84,27302400
09/09/2014,46.47,46.97,46.42,46.76,40255500
08/09/2014,46.02,46.8,45.99,46.47,45719000
05/09/2014,45.11,45.93,45.11,45.91,36882700
04/09/2014,44.74,45.27,44.72,45.26,26475500
03/09/2014,44.53,45.11,44.53,44.96,33684500
02/09/2014,45.43,45.46,44.85,45.09,22956800
29/08/2014,45.09,45.44,44.855,45.43,21607600
28/08/2014,44.75,44.98,44.61,44.88,17657600
27/08/2014,44.9,45,44.76,44.87,20823000
26/08/2014,45.31,45.395,44.94,45.005,14873100
25/08/2014,45.4,45.44,45.04,45.17,16898100
22/08/2014,45.35,45.47,45.07,45.15,18294500
21/08/2014,44.84,45.25,44.83,45.22,22272000
20/08/2014,45.34,45.4,44.9,44.95,24770500
19/08/2014,44.97,45.34,44.83,45.33,28139500
18/08/2014,44.94,45.11,44.68,45.11,26891100
15/08/2014,44.58,44.895,44.4,44.79,41611300
14/08/2014,44.08,44.417,44.01,44.27,19313200
13/08/2014,43.68,44.18,43.52,44.08,22889500
12/08/2014,43.04,43.59,43,43.52,21431100
11/08/2014,43.26,43.45,43.02,43.2,20351600
08/08/2014,43.23,43.315,42.91,43.2,28942700
07/08/2014,42.84,43.45,42.65,43.23,30314900
06/08/2014,42.74,43.17,42.21,42.74,24634000
05/08/2014,43.31,43.46,42.83,43.08,26266400
04/08/2014,42.97,43.47,42.81,43.37,34277400
01/08/2014,43.21,43.25,42.6,42.86,31170300
31/07/2014,43.38,43.69,43.08,43.16,31537500
30/07/2014,44.07,44.1,43.29,43.5785,31921400
29/07/2014,43.91,44.09,43.64,43.885,27763100
28/07/2014,44.36,44.51,43.93,43.97,29684200
25/07/2014,44.3,44.66,44.3,44.5,26737700
24/07/2014,44.93,45,44.32,44.4,30725300
23/07/2014,45.45,45.45,44.62,44.87,52362900
22/07/2014,45,45.15,44.59,44.83,43095800
21/07/2014,44.56,45.16,44.22,44.835,37604400
18/07/2014,44.65,44.84,44.25,44.69,43407500
17/07/2014,45.45,45.71,44.25,44.53,82180300
16/07/2014,42.51,44.31,42.48,44.08,63318000
15/07/2014,42.33,42.47,42.03,42.45,28748700
14/07/2014,42.22,42.45,42.04,42.14,21881100
11/07/2014,41.7,42.09,41.48,42.09,24083000
10/07/2014,41.37,42,41.05,41.685,21854700
09/07/2014,41.98,41.99,41.53,41.67,18445900
08/07/2014,41.87,42,41.61,41.78,31218200
07/07/2014,41.75,42.12,41.71,41.99,21952400
03/07/2014,41.91,41.99,41.56,41.8,15969300
02/07/2014,41.73,41.9,41.53,41.9,20208100
01/07/2014,41.86,42.15,41.69,41.87,26917000
30/06/2014,42.17,42.21,41.7,41.7,30805500
27/06/2014,41.61,42.29,41.51,42.25,74640000
26/06/2014,41.93,41.94,41.43,41.72,23604400
25/06/2014,41.7,42.05,41.46,42.03,20049100
24/06/2014,41.83,41.94,41.56,41.745,26509100
23/06/2014,41.73,42,41.69,41.99,18743900
20/06/2014,41.445,41.83,41.38,41.68,47764900
19/06/2014,41.57,41.77,41.3301,41.51,19828200
18/06/2014,41.605,41.74,41.18,41.65,27097000
17/06/2014,41.29,41.91,40.335,41.68,22518600
16/06/2014,41.04,41.61,41.04,41.5,24205300
13/06/2014,41.1,41.565,40.86,41.23,26310000
12/06/2014,40.81,40.88,40.29,40.58,29818900
11/06/2014,40.93,41.07,40.765,40.86,18040000
10/06/2014,41.03,41.16,40.86,41.11,15117700
09/06/2014,41.39,41.48,41.02,41.27,15019200
06/06/2014,41.48,41.66,41.24,41.48,24060500
05/06/2014,40.59,41.25,40.4,41.21,31865200
04/06/2014,40.21,40.37,39.86,40.32,23209000
03/06/2014,40.6,40.68,40.25,40.29,18068900
02/06/2014,40.95,41.09,40.68,40.79,18504300
30/05/2014,40.45,40.97,40.25,40.94,34567600
29/05/2014,40.15,40.35,39.91,40.34,19888200
28/05/2014,40.14,40.19,39.82,40.01,25711500
27/05/2014,40.26,40.26,39.81,40.19,26160600
23/05/2014,40.37,40.37,40,40.12,18020000
22/05/2014,40.29,40.35,39.85,40.1,20201800
21/05/2014,39.8,40.35,39.7399,40.35,22398700
20/05/2014,39.68,39.94,39.46,39.68,21320900
19/05/2014,39.61,39.82,39.46,39.75,24537400
16/05/2014,39.67,39.84,39.27,39.83,29867100
15/05/2014,40.09,40.4,39.51,39.6,37793200
14/05/2014,40.3,40.45,40.05,40.24,18818700
13/05/2014,39.92,40.5,39.85,40.42,27004800
12/05/2014,39.74,40.02,39.65,39.97,22782600
09/05/2014,39.54,39.85,39.37,39.54,29647600
08/05/2014,39.34,39.9,38.97,39.64,32120400
07/05/2014,39.22,39.51,38.51,39.425,41744500
06/05/2014,39.29,39.35,38.95,39.06,27112400
05/05/2014,39.52,39.6399,39.3,39.43,22460900
02/05/2014,40.31,40.34,39.66,39.69,43416600
01/05/2014,40.2401,40.36,39.95,40,28787400
30/04/2014,40.4,40.5,40.1699,40.4,35458700
29/04/2014,41.1,41.19,40.39,40.51,29636200
28/04/2014,40.14,41.29,40.09,40.87,50610200
25/04/2014,40.29,40.68,39.75,39.91,56876800
24/04/2014,39.74,39.97,39.3,39.86,42381600
23/04/2014,39.99,39.99,39.47,39.69,24602800
22/04/2014,39.96,40.14,39.83,39.99,27056700
21/04/2014,40.13,40.15,39.79,39.94,22221200
17/04/2014,40.01,40.195,39.51,40.01,36689400
16/04/2014,40.06,40.415,39.905,40.4,30615800
15/04/2014,39.34,39.96,39.05,39.75,33968700
14/04/2014,39.11,39.41,38.9,39.18,32006600
11/04/2014,39,39.79,39,39.209,34330200
10/04/2014,40.44,40.69,39.09,39.36,45960800
09/04/2014,39.93,40.55,39.88,40.47,27398700
08/04/2014,39.75,39.93,39.2,39.82,35918600
07/04/2014,39.96,40.27,39.74,39.8,37559600
04/04/2014,41.25,41.39,39.64,39.87,51409600
03/04/2014,41.29,41.29,40.71,41.01,30139600
02/04/2014,41.44,41.66,41.17,41.35,28666700
01/04/2014,41.15,41.59,41.07,41.42,32605000
31/03/2014,40.43,41.5,40.4,40.99,46886300
28/03/2014,39.79,40.635,39.68,40.3,43472700
27/03/2014,39.74,39.97,39.34,39.36,35369200
