%change_stocks,%change_benchmark
0.023882113821138154,0.00493011160472422
0.017121588089330148,0.008194511833521925
0.010490363503293479,0.0066306614619539555
-0.0016900048285852314,0.003346613545816709
-0.008222490931076262,-0.0013235916984328674
-0.027798098024871997,-0.011822085564332237
-0.001755706044645104,-0.01105150214592276
0.0005025125628141489,0.004122816534664158
0.01632345554997485,0.010750945434900103
-0.027427724240177895,-0.021032658078999424
-0.003836382113821043,-0.008981463787502444
-0.0007396261062512042,0.007878904743540357
0.014548238897396638,0.006886953707798277
0.0163522012578616,0.010450597176981604
-0.009653465346534667,0.0014237743451980462
-0.0017495626093476703,0.003487311551048907
0.0012518778167251944,0.00454448246364411
-0.007501875468867323,-0.002341795731545041
0.004283194759385279,0.002027207255268199
0.0012543903662819156,-0.008198903263589524
0.024054121773991504,0.003140265177948403
-0.008808416931734755,0.0046822742474916385
-0.0027153789187854714,0.0029826897470040066
-0.009900990099009866,7.965588656994507e-05
-0.007750000000000057,-0.0014071419089339513
-0.006550768455530311,0.0019142826757417059
-0.0093837179812325,-0.008703959239995682
0.009344598054275342,0.005889281507656036
0.00545339251743826,-0.0010911219927612523
-0.002522704339051499,0.00151858265618754
0.010875063227111778,0.009709512662268507
0.011258443832874727,0.0009220960560635002
-0.004453240969816915,-0.0047378395451674335
-0.01590457256461234,-0.008780281392150622
0.005808080808080729,0.0034685165421558467
-0.0020085362791865,0.0036692369050784243
-0.0017610062893081832,-0.006304969799724476
0.016885080645161334,0.008424420154625347
-0.006195786864931846,0.0024321894992862473
0.0004987531172068833,0.004008650245266052
0.0017447657028913331,0.006146572104018996
-0.004478726051256525,-0.0007309941520468608
0.008247938015496262,0.005172954331696149
0.014873574615765847,0.001611477881166514
-0.003663898387884675,0.0011158397342744624
-0.012257906349595489,-0.0004924959174680467
0.0007446016381236321,0.0020228215767634145
0.022073412698412714,0.00652207671204509
0.00655180781363737,0.00475700694265884
-0.005062680810028779,0.0010492642354447217
-0.0038769081657379135,0.0001022599447795368
-0.006081245439065921,-0.0034764826175869472
-0.006852667645619215,-0.007079827621588321
0.016017742730409033,0.0030484654335021363
0.006548629638612737,0.0008241899757894019
0.004337349397590355,0.0027793504555047636
-0.0007197696737044418,0.007314068675255263
-0.0033613445378151397,0.0011464676059208393
0.0040953986991086894,-0.0027483713355048456
0.007437619961612339,-0.00030621618862918383
-0.005834722552988915,-0.006024096385542204
0.0068271649299318175,0.0045197740112995575
-0.007375684035212997,-0.0007158196134574843
0.012703739213806355,0.0019443307408923223
-0.013017751479289873,-0.000510673067102412
0.00407673860911258,0.006693235234007778
0.0007165034631000988,0.001015073846622284
-0.002386634844868769,0.0049181159052882365
0.0045454545454546615,-0.003481331987891008
-0.0050011907597047114,-0.006430054174472087
-0.0026328386787936673,0.0044843049327354025
0.00035997120230382934,-0.003956980519480525
0.009715725080964402,0.0013751655291841206
0.001187930624851441,0.005035349168404357
0.007356430944470866,-0.0018724696356275535
0.03839811542991744,0.0037012624854232024
0.010208711433756871,-0.011365932511618508
0.003593083314619281,0.010218690920239111
0.003244573730141041,-0.0018709230038556552
-0.0001115200178432599,0.004357960879699935
0.0008922596475574202,0.002219979818365276
-0.010474704702473789,5.034232782933612e-05
0.0022522522522522843,-0.004681600805436732
-0.011910112359550588,0.0004046125834514086
-0.0019331362292472334,-0.004297269969666445
-0.006984163153697158,0.0001523229246001581
-0.00960335945477705,-0.01974819778657725
-0.006950880444856283,-0.003055569941478085
0.011899206719551983,0.00722077922077915
-0.006686649757897145,-0.009696219505905388
-0.007892293407613656,0.00031248372480601155
0.01146467009826848,-0.005414692560004124
-0.0006939625260234567,0.011568863529288634
0.0,0.002872076174704918
0.007407407407407414,-0.0013674243401531844
0.012867647058823418,0.006768976386090024
0.004310344827586317,0.004721823034284477
0.011746103456064964,-0.00020433183489983677
0.007144451886581833,0.008379317392193004
0.0048769674129904425,0.005218889339278337
-0.008382969335980487,0.002671505620242962
0.006006674082313593,0.0029157450231249373
-0.0015479876160990776,-0.00155388471177946
0.0004429678848284192,0.005070535669461273
-0.0036528669470887567,0.0006493506493507686
-0.0029996667036997025,-0.0003993410872061723
0.00022286605749955685,-0.0005493133583021905
0.01225490196078425,0.002848006395523242
-0.007484041382346386,-0.0004982312789596647
-0.002883122643601742,-0.0005483276008175745
0.00667259786476862,-0.001445885286782986
0.014361467079098512,0.004494778235463657
0.012197778261816648,-0.0025856496444732245
0.006240585323864841,-0.006331322598334963
0.0017108639863132036,0.003762793497892836
0.003415883859948689,0.001149597640825802
-0.006489361702127654,-0.005841238142785901
-0.009744083949030908,-0.0007482549088535174
0.011245674740484343,0.007533382584266815
-0.005132591958939155,0.0013467677573823337
0.003439380911435868,0.0053300124533000905
0.017994858611825267,-0.005549499554058094
-0.009680134680134697,-0.007722969606377594
-0.010624734381640459,-0.005724328395681721
0.011168384879725,0.007827887480430338
-0.022090059473237025,-0.016135498095810778
0.008036490008688042,0.00794540083528574
0.0006464124111183181,-0.0018191005558363497
-0.0017226528854435465,-0.0026323782525057298
-0.00992234685073341,-0.013551923662572407
-0.003050108932461886,0.0001543606894777522
0.00721153846153858,0.011009363103199993
0.0,-0.0011703643395075218
-0.0121501410284227,-0.015436344184624796
0.02745442565341533,0.01748939252820033
-0.01988029072253099,-0.019833197721724864
-0.039694656488549626,-0.011414340562415777
-0.00863047921871457,-0.016427521780203624
0.0018327605956471545,0.0015479438386125565
-0.011662474273953763,-0.006766116142780937
-0.011105969458583918,-0.0008582309714101625
0.020823584464202165,0.011810812261770486
0.010314004125601552,0.009709768132859408
0.018148820326678864,0.019810825013137055
-0.011140819964349376,-0.007110836296181767
0.01442091031996396,0.011624889719238201
0.024655708573967112,0.007695070025137228
-0.004769130717537523,-0.0013745354579239944
0.012633413199738737,0.011470228384991843
0.00279630027962993,-0.0015120205634795774
-0.012226512226512233,0.006410579980818645
0.0195439739413682,0.011435449894673494
0.010436634717784768,0.000545472577605939
0.0027403035413153995,-0.003469296723992749
0.006096279167542551,0.006316208285671708
0.017551190973673286,0.00400316299298212
-0.0004106776180698794,0.0009352695052916452
0.004313886606409221,0.0031474377889248862
-0.00040908161178161435,0.0009559760760859968
-0.0018416206261509373,-0.0010530182441533165
0.01701517015170148,0.00112767209256712
-0.0006047167909695856,0.0002448699740438384
-0.0024203307785396824,0.0006365060712886577
-0.01455721795390212,0.005773841561873106
-0.010668855149774377,-0.0016054487959134638
0.00995437577768569,0.001754214988792582
-0.014784394250513469,0.005350715050102122
-0.0081283868278448,0.0028062705631893945
-0.0025215381382644366,-0.0007237286500047152
0.00589846218664422,0.0025590266042198476
0.0012565445026178487,-0.002119052205740694
0.016942062330056372,-0.006949806949806939
-0.003290826820238515,0.006439541213063847
-0.00784151877837397,0.003887292657604261
0.01580698835274553,-0.0011063543219971609
-0.008599508599508634,0.001637291726861232
-0.01497315159025199,-0.006682692307692242
-0.0022014886256420353,-0.00067760514979921
-0.014498844295020063,-0.01603090037293553
0.005756929637526719,0.005069400930596105
-0.0046639813440746,-0.016161418286889717
-0.0059637912673056685,-0.006869431031907987
-0.03235483179772884,-0.00801964813793792
0.012843224092117038,0.019604870900914534
0.03891560996939224,0.02472867832895589
0.0029461279461278083,-0.0012573749879098118
0.006714225765841383,0.004600038737168258
0.009795748228428637,0.0013495927121993595
-0.006398348813209541,9.626955475335852e-05
-0.005400914000830868,0.003224719641911669
-0.008980785296574765,0.0013433122241412452
-0.009062170706006316,-0.005366040628593353
-0.012122501063377292,-0.009922928709055888
0.006673842841765235,-0.0005351756349128404
-0.009302822925577313,-0.018059679696246934
-0.014570966001079422,-0.00941899662899071
0.012705366922234356,0.012461215093584272
0.029418126757516906,0.017745044733330054
-0.008405127127547924,-0.008013598834385651
-0.012502648866285153,-0.007833537331701319
-0.005257510729613831,-0.002812731310140603
-0.00862905835400709,-0.006037212984956447
-0.010336198455010367,-0.00916110723887288
0.016710642040457458,0.01311476892511748
0.0032439446366781697,0.0021078212567574835
-0.010131493856434552,0.0050728761970750815
0.02635017421602789,0.014870986803230164
0.0010608953957139222,-0.005482775351770963
-0.003603221704111948,0.0023418061179684333
-0.09253350350989155,-0.013190557313214795
-0.03445850914205342,-0.012824306994179848
0.019907744598203457,0.009244528829819132
-0.03832420852178052,-0.012575857640618202
0.021782178217821847,0.012384056154424663
0.007751937984496131,0.014461172741679953
0.005769230769230817,-0.0038078500292911596
0.01457934990439769,0.010095070077428218
-0.0009422850412251178,-0.002765379390646192
-0.001178967224711086,-0.004475796643152595
0.0056657223796034465,0.010653374383032824
-0.005164319248826264,0.0005802427348774457
0.016753185464841926,0.009616778620789546
0.018101647714086656,0.004116408194524285
-0.006610439936175044,0.0015730765563924708
-0.0011473152822394942,9.518823473410028e-05
-0.0006891798759476485,-0.000713843810974186
0.008160919540229813,0.005995809124678611
0.006726713031581387,-0.00014201922940366665
-0.0013590033975083844,0.0028455226813251288
-0.0022680880018145022,-0.0008498182333223494
0.0014776085473970839,-0.0011813069980626566
-0.004653274316195626,-0.003406187908032921
0.0006841505131129108,0.006313490933257441
-0.01367365542388335,-0.0041039671682626755
-0.00519870609981519,-0.004215138309965951
0.0012774358378817726,0.0010935636714248572
-0.017397355601948505,-0.014064430295543133
0.011567516525023655,0.0041445783132530774
-0.019136522753792306,-0.01622192359378011
-0.0011896264572925116,-0.0023416918723777433
-0.022868032396379082,0.01271393643031782
0.008776206728425145,-0.0061458232737807315
0.004349927501208306,0.013374325647922177
0.003248315688161646,-0.002972480582989762
0.019306871327497296,0.012021542604346989
-0.005058823529411845,-0.004561436852608609
0.014071183634858838,0.004343675417661082
-0.000583022388059834,-0.001948576588565166
0.0010500525026251712,-0.005619047619047652
-0.03356643356643352,-0.014653768796092339
-0.0060299083453931495,-0.0023814152410574487
-0.005823829167677796,0.002289667267501334
-0.00024408103490353945,0.012199863905900606
-0.007446289062499993,-0.008739495798319294
0.001598819333415268,-0.0035363077072131867
-0.010559921414538303,0.0035731648031113936
0.031149168528170824,0.006757575023615231
-0.0003610542784932138,-0.0026463936871482046
-0.002648687695641691,0.0033529525279814413
0.0014485755673586472,0.00444764995792769
0.005785920925747396,0.005457156534226838
0.0009587727708532873,-0.004522948009902821
-0.002634099616858224,0.0019130517958774005
0.014525810324129747,0.004487087689149829
-0.0022482546444209197,-0.00028513044717959547
-0.012926944971536874,-0.011503541379474335
0.030998438063198346,0.009136811733589833
-0.006292972846987603,-0.0011913271384322134
0.008209217778820253,0.004914122137404586
0.008258694893567616,0.002516260741584775
0.10452238117212721,0.002320041674559603
0.0033423856277418782,-0.004157337187496862
0.023422860712054964,0.0031788205152535345
-0.0019326619875902524,-0.004114642451759386
-0.008560945780676756,-0.010020420762691672
0.00030838815789474853,0.01084140842367836
-0.008529441989518017,0.002847380410022752
-0.013266998341625218,-0.011451826613666418
-0.027731092436974795,-0.004116802297750185
0.009075194468452933,0.003989617381272893
0.02248394004282649,0.01316608416718533
-0.007958115183246127,-0.0047963330498063264
-0.00042220814861718435,-0.0029676408442344676
0.0058078141499471716,0.00019049433279369685
0.022992125984251946,0.010427578325873715
-0.008723316912972028,0.0010838320531548454
-0.00590123201159548,0.003106759555639223
-0.008956467402624447,-0.000328484279680869
0.0,-0.0007041261794113772
-0.0033627574611180453,0.002912438932732077
-0.01096583719949395,-0.0023887587822013626
-0.006609808102345313,-0.010751678482557963
0.021893110109465465,0.009492168960607499
-0.003360638521318979,-0.001128349788434324
-0.01243414120126456,-0.006212934199378808
0.00789586000853601,0.002036563417637619
-0.006563624814736295,-0.0009925792881787566
-0.0014919011082694007,0.0026495079485237215
-0.010458911419423735,-0.008450358625896518
-0.004745470232959423,-0.0017094244874105412
-0.008885999133073336,-0.006149592410735665
-0.0017493986442160135,-0.00014389869531850123
0.02102957283680177,0.011993283761093787
-0.0036472859901309097,0.0032235126807300635
-0.010120585701981027,-0.007654869347446036
-0.010767892103545736,-0.004285510213799235
0.007806487080813565,0.0054516761513078585
0.0030547676194632462,0.0016171224732461518
0.01631498803567544,0.010399354195355894
-0.013270547945205425,-0.009258388946329537
0.002819956616051962,0.005123096627294645
-0.006921912178239245,0.0007079144839303681
-0.005989980396427763,-0.007262780607432523
0.0003286950805303072,-0.0030403800475058734
-0.008543263964950724,-0.0001906032593158318
-0.01966416261599648,-0.020970355542846278
-0.004958305161144892,0.002093272320124656
0.0066817667044168,0.008015545299975738
-0.0010124873439082394,-0.0009156626506023987
-0.00022522522522518042,-0.002845979451063641
-0.002027483667492755,0.006288699690402532
-0.0013544018058689656,-0.016777232958369432
0.006329113924050658,0.0018090255708209286
0.002021563342317976,0.012591508052708561
0.020847343644922658,0.011037208405629557
0.0017566974088712845,0.004338084568813446
0.003068829460762836,-0.0003322574520599638
0.019667832167832137,0.008024310336641173
-0.0008572653236176414,0.0008478568064059274
0.0064350064350065265,0.0005176957831325943
0.007672634271099731,-0.003951267698386582
-0.03680203045685283,-0.0017945690672963185
0.012516469038208175,-0.0056299380233713284
-0.0036868358273693712,-0.01037206204205922
-0.012842838484980329,-0.005817307692307731
-0.00022050716648286682,0.01228299240775676
0.020952801058667748,0.0068790904313762846
0.01274573341974516,0.00023722541158600817
-0.0038395904436860006,-0.0015178825538373646
0.00235546038543896,-0.003372921615201938
0.015594958342234498,-0.001954335287668605
0.0008413967185527797,0.003295443690896923
-0.02017654476670872,-0.008187746941495686
0.0025740025740026715,-0.0019198464122870444
0.012623020967051696,0.012599182495792281
-0.019437988590745865,-0.00902312770100207
0.007110536522301345,0.001198063928691235
-0.00021394950791624125,-0.0012444955006700694
0.005777872886796558,0.003642288891018839
0.006808510638297878,0.00558685894374948
-0.0010566356720202274,-0.0028966237713092436
-0.013962343981383619,-0.007905514810934358
-0.020381892297790236,-0.020881336405529926
-0.05672360928602708,-0.031083002402314083
-0.03227304388205249,-0.04088448110104733
-0.029030710172744743,-0.01202848852545503
0.05534964170990862,0.03839376301596624
0.0278623273238117,0.024735164044019348
0.0006833712984054929,5.018316856521757e-05
-0.009333029820168372,-0.008079084704937844
-0.03906250000000006,-0.029847726007993007
0.036824485891917724,0.01898107107472486
0.0032287822878228913,0.0007164423519779683
-0.02045977011494254,-0.015136793658910803
0.030039896737854992,0.0251311075341399
-0.018683071314650267,-0.013371827989667299
0.005107963779893171,0.005441757790440999
0.004389004389004337,0.004544294102629639
-0.010119595216191301,-0.0037104808376538486
0.021840148698884707,0.012499362277434912
0.007276034561164172,0.00866673385065
-0.001128668171557498,-0.00224797682086131
-0.017401129943502895,-0.02142892905422321
0.014489420423183132,0.005167562036326526
-0.004760825209703034,-0.012979741423190529
-0.0006833712984054929,-0.0015986797999071852
0.0009117848187827479,-0.0036157024793387845
0.0006832156684126882,-0.0002592016588906758
-0.014792899408283992,-0.025097225823178654
0.0034650034650034324,0.0005850752619542239
0.01887661141804789,0.018658303210716515
0.007907817442385934,0.0026091948024839534
0.02151983860121051,0.014937802529537317
0.02326091727013391,0.01779487179487179
0.002573450568303612,-0.0034262105104046294
0.0010695187165774794,0.008190505081146694
0.013888888888889011,0.00902662855423505
-0.007165437302423675,0.0005963918294319594
-0.002334960730205889,0.0009437242338449198
-0.0023404255319148816,-0.006302104009527641
-0.004478566858605265,-0.004794007490636744
0.00706940874035986,0.015354508505193449
0.010636034886194428,0.004546577711885426
0.002315302041675425,0.0004919565110443957
0.0031499370012600942,-0.0013768009047548859
-0.011932175005233416,-0.006105667438081683
0.017584745762711827,0.01689373297002723
0.10077035186341862,0.010961707103186204
0.02610175903158696,-0.002457712881306881
-0.010322580645161332,-0.0019323671497584816
0.005401378282734199,0.011374636979670835
-0.011485735457576834,-0.0005743000717873947
-0.013493253373313321,-0.004309725614135927
0.01139817629179334,0.011830904631366226
0.01709241172051083,0.002899377346832139
0.0046168051708217915,-0.0030331753554501723
-0.0003676470588234563,-0.000998288648031983
0.009930121368150038,-0.0005234356412087254
-0.013838310269482977,-0.00933155589411531
-0.01200147710487442,0.0023068050749711156
0.002616333395626996,-0.003931722286152633
-0.006150978564771636,-0.013959757389044024
-0.009002250562640602,-0.011228275727397048
0.017505677517032497,0.015206872716500506
-0.014786571189435539,-0.0007295010213014575
0.016613177270152966,0.015866063172239212
0.0016713091922004885,-0.0008623580702341705
0.004634779384501298,0.0036480460321265356
0.0,-0.001150442308758111
0.0011072153533862757,0.001339264361218736
-0.010322580645161332,-0.00014330069262001976
0.004470106165021456,0.0011465698452131144
0.007787873168922709,-0.0041515556403894085
0.016007359705611728,0.00953567492452925
-0.00018109380659177854,-0.010209796848300656
-0.01829378735736276,-0.013998053028595595
0.031549815498154866,0.0195029424638879
-0.0017885888034339889,-0.006058582196355358
-0.00035835871707584887,-0.006724262059035191
-0.014518730955368387,-0.0077748624057135274
0.00527464532557305,0.0025810850297068332
-0.02189252759182198,-0.01938116286977223
0.019977802441731377,0.005056469189617636
0.0010881392818281152,0.010497740767902322
0.016847826086956515,0.014628046127703749
-0.007660787457687506,-0.015238186799980713
-0.028186714542190308,-0.023621985746363393
0.012931830777757171,0.008245142505179357
0.009483859201167302,0.00907423017801365
0.008491418247515788,0.012383292383292433
-0.002687208885704023,-0.0016503252111445656
0.005029638943775842,-0.002285103072734339
0.01072386058981223,0.010671994542176296
-0.004244031830238636,-0.007087753134040496
-0.014739833066950904,-0.010003399213324927
-0.012256669069935108,-0.013983420807377214
0.0045620437956204385,0.0016953604431815545
-0.018165304268846504,-0.012614223281684645
-0.03478260869565209,-0.023991550145860487
0.003066896683917895,-0.01096109250193254
-0.0005732849226065572,0.0009743490879155277
0.009177820267686501,0.00807245848732487
-0.021599090564607817,-0.024944645483236577
0.028466305189775346,0.016416882910554435
-0.03991715307851624,-0.02146615953733134
-0.008433026083545788,0.0013311325275544433
0.004549050632911331,-0.012815059023715818
-0.0061035636936405254,0.0056019391327766874
0.03585578446909672,0.020515292731265802
-0.009562057754828839,-0.015116523199664202
0.007337323807684931,0.013643146450650194
-0.018209699060762946,-0.010883280757097756
0.016302225693088656,0.005209163876043258
0.058303717222168934,0.024381576860028464
-0.006897803594118761,-0.0003654744353729249
-0.03125571193566077,-0.01802220500903697
-0.01584905660377365,0.005994951619688761
-0.003067484662576622,0.0015682174594876263
-0.03538461538461545,-0.019050104384133643
-0.014952153110047849,-0.013461026868848106
-0.0026310463468932495,5.393161471264873e-05
0.008725649350649345,-0.0008628593000053745
-0.0004023335345001635,-0.01300804231661897
0.01630106661300065,0.020616865361478626
0.01168316831683175,0.01687831538337891
0.02603249168134661,0.016334703340710265
-0.004387638305990156,-0.004095810866860183
-0.007089480743437391,-0.0004685303763860868
0.01601698186028557,0.014479166666666673
-0.0279202279202279,-0.012629633432590655
0.003516998827667052,0.004575707154742073
0.01440809968847356,0.012111801242236044
-0.015355086372360926,-0.002305410657665883
-0.008187134502923871,-0.007838465686465488
0.03341194968553451,0.023506922917958313
0.007036896158235157,0.004492453687345345
-0.011331444759206825,0.003894472361809074
-0.006112702960840502,0.0032786885245901696
-0.019219680953296174,0.0007982836900663403
0.012149715853419507,-0.010917792512089325
0.02303969022265256,0.0049395161290322065
-0.014950794852384675,0.0008024877119068944
0.01959654178674358,0.016137115365340276
0.0018843037497644887,-0.0012823042020121864
0.007899191273274434,-0.0016296296296296913
0.014181750326553423,0.005787208784686235
0.005703771849125946,0.0063440542933018195
-0.02140504939626774,-0.0012217172457606412
0.006917180781454429,0.0014189255308738236
0.0038989974006684155,-0.0005374505301215871
-0.0018494544109487964,-0.006603441533046502
0.004446914952751566,-0.00043895650393783976
-0.012359343294595124,0.0005907837731390535
0.02185282032125517,0.0092540838417634
0.00621458599890324,0.004383758253672995
0.0032697547683923655,-0.002426948839918454
0.006156074597139298,0.006811989100817328
-0.00251934497030773,-0.003237966363812041
-0.015695471766191547,-0.009991757575757577
0.01026392961876824,0.010925161565841817
-0.01197387518142229,-0.011965894777637822
-0.0007344840249724412,0.002692816866879202
-0.0020213156927600044,-0.002342796451037404
0.006260357208617129,0.009312317756926763
0.01280878316559932,0.010104895104895158
0.00018066847335136422,4.423059911304557e-05
0.005238439306358366,-0.0011057160713426747
0.014555256064690068,0.007022812590239724
-0.0012398157987956126,0.0031581080409406777
-0.014186912573151217,0.0009528346831824137
0.003417880913833382,-0.005378391242265567
-0.07171029042667623,0.0
0.006373117033603675,-0.0017227353208593829
-0.012857417002494756,0.0014821916494893615
-0.009720062208398134,0.002062041210190375
-0.02041617589320768,-0.009087652256985925
-0.0006012024048096421,-0.0053830487231708276
0.014838580308802928,0.007944524036159353
-0.016399920964236283,-0.008707025051690149
0.0018079550020087647,-0.005574332845684342
0.0014036494886705492,-0.0001951124335397885
0.009010812975570742,0.003659072059325755
-0.006350466362373492,0.0008224771534123535
0.018973437187936947,0.012437757784283977
0.0005880047040375153,-0.0093547613336531
0.009010773751224306,0.00029055690072640327
-0.008347893612890695,-0.008714175058094555
0.014682850430696946,0.009865208048447012
-0.02546787574763651,-0.009329722410291173
0.005939417937042254,0.0002889908167310264
-0.009643770911237984,-0.003464935825484398
0.005961844197138258,0.006317335945151913
-0.011655472145397004,-0.0013625967200350437
0.031181291225264886,0.012962331270405908
0.01027330878077135,0.006783085582335097
-0.004412893323100477,0.0002866972477064329
0.008286760454808242,0.004299226139294954
0.01299694189602446,-0.0019025875190259022
-0.0028301886792452564,0.002049180327868885
-0.007000946073793842,0.003043705711703935
-0.013147865853658494,-0.0029870560902754513
0.006564973933191802,0.005088453490583951
-0.0005754843660080786,0.001561391057487639
-0.001151631477927107,0.003259637188208606
-0.008070714834742539,-0.0013655412723077272
-0.002712127082526164,-0.009477555639381456
-0.02602952602952596,-0.00771552339696293
-0.006182688472277668,-0.0019630682199787692
-0.0028095524784266623,-0.0013939626994808308
0.014087341517407988,0.002984356197352609
-0.005159753919428418,-0.00887843739501845
-0.0011968880909635402,0.006440054232035561
0.02236868384262028,0.0028385855184027108
-0.0039070130884937635,-0.001631164843600093
0.018042753481074612,0.013022585295531033
-0.04006935079946058,-0.036430909349651375
-0.02809552478426648,-0.0173780337714764
0.020854842040057775,0.018034569138276616
0.022249190938511357,0.0170290605744004
0.012465373961218888,0.013621407142165866
-0.0001954270080126073,0.0021281775868242977
0.00019546520719321964,-0.007197000011432966
0.00410396716826267,0.005997792812245094
0.0,-0.0006391300200325029
0.01790579992214859,0.014909844124356995
0.0055449330783940015,0.003526922172584058
0.011789313557710542,0.007263355201499452
0.005638037962788896,-0.00013956734124215462
0.004298262007101551,0.005583472920156417
-0.0007443245254930991,-0.0013418471219692396
0.0048417132216014526,0.0026835935690125838
-0.01612305411415859,-0.0010128959397289982
0.05311734789979267,0.004139876960081457
-0.0019674476837774897,-0.0037773222470461874
0.01379928315412192,0.004508357801771081
0.002828354251369924,-0.0027158902596207115
0.0005288207297726271,0.00046157396722822206
-0.010042283298097258,-0.0010611303344866888
0.0003559352197900539,0.0011546277480140401
0.008361501512186424,0.0016146145684365655
-0.0017642907551164682,-0.0008290346352247919
0.0,-0.006410989213607378
0.006892895015906691,0.0029264780384246083
0.0073723012111638,0.0010625404755295578
0.00993204391008887,0.008180317240863141
0.0017253278122843585,-0.0005958382986524679
0.0024112986565621866,0.0005961935335931917
-0.0030927835051546343,-0.0024750206251719703
0.004825922095828921,0.00464069104943953
-0.006174957118353335,-0.0008689686713926262
0.0031066620642043446,0.0028838231255149476
-0.011699931176875426,-0.005157697749783173
0.0020891364902507754,0.0018810790970820177
0.0006949270326615557,0.0022438979713331002
0.0003472222222221531,-0.0014621219044138791
0.0008677542519959088,-4.575821359929947e-05
0.003814808392578444,0.002013453530407714
0.0010364484366903138,-0.005114855916335592
0.0037963761863675383,-0.0006885471654808615
-0.0024067388688327413,-0.0018833256775378805
0.0012062726176115851,0.004927976437019742
-0.0036144578313253156,-0.0016523112206953436
-0.007427880462946963,-0.0028440366972477273
0.0022624434389140716,4.600239212434863e-05
0.0013891300573015853,0.004508027048162373
-0.0010404022888850749,0.003026056692769129
0.000867904877625363,-9.496381330848614e-05
-0.003988900450919128,-0.002283000776220264
-0.021243252655406563,-0.02393483135783255
0.014943960149439536,0.014347336834208562
-0.00911481156879923,-0.014375520014791594
-0.004776225013267347,-0.00037518172864974014
0.01653039459651617,0.009992962702322286
0.0010491344640671844,-0.008872166480862117
-0.005589519650655027,0.00018746777897545128
-0.0021078517477603627,4.685816034858209e-05
0.016722408026755776,0.011245431543435507
0.0010387811634349424,0.006301547585951319
-0.0067450709097198296,-0.005479325904779435
-0.00922862615357829,-0.008102226954951618
0.018453427065026437,0.006207991038088051
0.0013805004314063553,0.0049635849144129204
-0.010856453558504266,-0.00904726735598218
0.0034843205574913386,0.007546115148127467
-0.003124999999999995,-0.0024040684234859465
-0.003134796238244509,-0.005097784780795228
0.00698812019566734,0.004425190981926536
0.0017349063150590115,0.0006956360432222125
0.0010391409767924345,-0.0034294188525350313
0.004152249134948132,0.005208333333333355
-0.014645072363886999,-0.01262953367875643
-0.0013988459520894963,0.0013119055428009237
-0.0033269129749605624,-0.0032754667540125263
0.008784258608573436,0.000516407680390656
-0.003483106931382843,-0.003472222222222265
0.007689619014330614,0.006262359920896565
-0.0022545959070411977,0.0026671657854101033
-0.0048670258995307,-0.0018667164457719138
0.04209606986899558,0.0004675518982606804
0.022460610124036263,0.004252733900364504
-0.0001639344262294756,-0.0033505514449253056
-0.005902606984751589,-0.0020077508521267142
-0.008741547088899904,-0.002666791428838877
-0.003826955074875274,-0.0029553877187221255
0.0008351428094204821,4.7049967065113986e-05
-0.002002670226969368,-0.0072453540343449556
-0.006187290969899623,-0.006018672100848215
-0.003701834090526651,-0.004577095451511433
-0.00844451950684006,-0.0011016380879394088
0.029126213592233025,0.022057060656916778
0.0008275405494868777,0.0045038705137227675
-0.004961137754258263,0.010598290598290521
-0.024430779458201744,0.0024993160155874048
0.005451448040885865,-0.0023049972340033194
-0.015249068112504332,0.0007855096571482115
0.012904335856847901,0.007802760976961068
0.013249532869033484,-0.001878321422026739
0.01659681475272426,0.0051406802221508445
-0.004782321899736134,-0.002237545093383301
0.008450704225352079,0.007551487414187669
0.004272099901413046,0.0019532137179196314
-0.011780104712041866,0.0005440203100914684
0.0021523178807947444,0.0037154508382420555
0.0013216586816454368,-0.004694835680751266
0.00791948523345989,0.001950290275762005
-0.013586511704043302,-0.0023991670816169534
-0.017590441420511038,-0.0036754696433433263
0.0008445945945945465,0.0005009791865920374
0.01637130801687762,0.006008739985433326
-0.004483560278977018,0.0031674208144795864
0.023686405337781394,0.013080739738385232
-0.005866058334691208,0.0024487978628673704
0.01573512538928046,0.006040417499444749
0.0032273680813297216,-0.001147852191956165
0.013028792021875424,0.00667403314917123
-0.004763416957764325,-0.0082543027748507
-0.0015954052329291866,0.00411723038781657
-0.004474272930648788,-0.007803888717428729
0.021187800963081867,0.0021773906861002894
-0.0012574662055956979,0.0038575799228484217
0.0,-0.002782685512367471
0.00015738117721117423,-0.0017274217123622038
-0.004878048780487729,0.001464193806016561
0.000632511068943693,0.0024810597669576106
-0.004582806573957003,-0.008264462809917375
-0.0014287982219400445,-0.00022281639928703817
-0.012082670906200287,-0.0036550033429908323
0.007080785323463111,0.0076499798684740656
-0.004474272930648788,0.005949209731841606
0.0,-0.0007944213964163069
0.008667736757624498,0.00357773851590107
-0.003182686187141993,-0.0033009110514502
-0.0003192848020434726,0.0
0.009102523155541366,0.0028261061556124098
-0.009178667510682043,-0.0025099075297225592
0.0014374700527072899,0.002295501699554188
-0.00271132376395537,-0.0035234529839242956
-0.0004797697105389595,0.0022099447513812156
-0.0032000000000000457,-0.0037045203969129146
0.007062600321027365,0.0036740294807667325
0.0035065349059610913,-0.0026020993208079888
0.008894536213468906,0.006411673667919472
0.002518891687657377,0.008655536028119503
0.009265075376884363,-0.0010454327656051778
0.02349463202116081,-0.0015697902585793992
-0.009881422924901273,-0.006201685810368116
-0.00736987563334853,-8.789277081964504e-05
-0.01655065738592432,0.000395552234870142
-0.006448568732305703,0.0006589930586064744
0.008073452588253887,0.006892918294771011
-0.0006281407035175745,-0.0017877387285253187
-0.0032998114393463364,4.368147468654569e-05
-0.001418886962005302,0.001310387000961
0.011367224502683909,0.005932647007502989
-0.0009366219169528922,0.003946227233304409
0.011249999999999982,0.005442529480368103
-0.0023176761433869853,0.003995360226833262
-0.0006194827319187246,0.0052203679931536115
-0.00015496668216341417,-0.00085135365230712
0.0015499070055797974,0.0015763462849352613
-0.002011761064686005,0.005955166106597498
-0.0020158164056442154,-0.000887986807053186
0.0040397762585457605,0.0006771626883358583
0.0,0.0012688208424970874
-0.006035283194057575,0.0015628960040551007
-0.0038922621827807424,-0.0026991691619923865
0.01500468896530167,0.013997547257580253
-0.014320911610717472,-0.006297439319376057
0.0037494141540383515,0.0006295379191672357
0.00031128404669254506,-0.0029779380924418236
0.0020227166640735907,-0.0029868326953010303
0.009161490683229644,-0.001856540084388176
-0.004000615479304369,0.0012681772066283877
0.0030897574540399014,0.003504179684201571
-0.003388264284614401,0.0005048592704783733
-0.004636068613815441,-0.0038265842479290046
0.0052786834342493935,0.008653440270156111
-0.00169884169884169,-0.0019669386901025273
0.003558168316831745,-0.00608017443810797
0.0009249267766302184,-0.001096907564443281
-0.011088864931464855,-0.01283946445917988
0.012770596480299136,0.002353142514867631
-0.0024604028909733446,-0.0010670991975414035
0.0016956990904886608,-0.0007264025979574734
0.0018467220683285677,-0.0010262550243735956
0.002918586789554715,0.0072767742487800215
0.0027569306172460194,0.0009348971613122508
0.003665801130288604,0.0031841725396960178
0.002282757571146031,-0.00232764822887123
-0.004706954145156427,-0.0017392042080257766
0.002745995423341065,0.0006374027960735022
-0.0025863380495968614,-0.002972651605231819
0.00259304453935329,0.0028111423460260524
-0.0007606876616460848,-0.0010193679918450947
-0.0022838002436054456,0.0005952380952381581
-0.0007630093087135229,-0.0011897679952409328
-0.0038179596823457542,-0.004381859950650903
-0.004292503449333146,-0.006494893817032048
0.008160123171670534,0.008859833985635036
-0.0013744654856445236,-0.0029841838257236163
-0.005352500382321369,-0.0018386282977722957
0.00707257072570716,0.008139136394790978
0.013740458015267262,-0.0031868785586810573
0.017018072289156555,0.010997911249413803
0.0057752110173256415,0.0058186111228233925
-0.001325088339222665,-0.0006287989939216335
0.006486805248415122,0.0008389261744965966
0.0027830672330452283,-0.002179379715004115
0.013876716330704104,0.0025201612903225567
-0.0015847860538827177,0.00037707390648568546
-0.003174603174603158,-0.0012145579427902185
-0.0039085118702952525,0.001174102650117415
0.0027612265659060853,0.0039370078740157384
-0.0008695652173913373,-0.00016687526074256171
0.0014505366985785978,-0.0009179671200867849
0.00391077636152949,0.0017958569996659156
-0.012263742605684727,-0.0020427731687998043
-0.001168565585743475,-0.0016709833737154553
0.0007312079555427226,0.005523474767763084
0.014321204150226358,-0.0009155222638368658
-0.027805791672669538,-0.017744085304898446
0.003408417308832095,0.004028496310745556
-0.0002953773445576137,0.00650420239050552
0.011227655488255358,0.005077420167009391
0.003360116873630445,0.002212758851035409
0.0013104251601629177,0.0023328473234742854
0.012360040715428363,0.004779518723244991
0.004883654122378471,-0.00020681667769681896
0.006432246998284775,-0.0008688097306690164
-0.008095440988495855,-0.00024844720496895354
0.0037227949599082317,0.00795228628230623
0.023680456490727687,0.003328402366863798
0.007246376811594147,-0.000737191301142558
0.003320420586607566,-0.0031968523300135296
-0.0017926089354660156,0.0018502528678918985
-0.00607818759497165,0.0004924895345974085
-0.022654621264767333,-0.0015177619164820925
-0.0076791808873719015,-0.0002054147323445337
0.012467755803955352,0.004889875082182765
-0.005378627034678126,-0.0012676344305868014
-0.005265404866941659,-0.0019243367179823077
0.0014306151645206624,-0.004635517085777675
0.012428571428571494,0.008325090669304362
-0.013545929166078847,-0.006744052971470635
0.005149477900157337,-0.000246903419612371
-0.00014230823964694615,-0.0004527680592713942
0.013521206945630353,0.001194201943666579
-0.009549220615082048,0.0006580841525109883
-0.018715440238196615,-0.008056229191499772
0.008524779656119108,0.00895039986740147
-0.01876790830945562,-0.008788861965583863
0.006424295517593984,0.0018645121193288463
-0.01102567822428558,0.00169561621174523
0.013348980489951541,0.002312043268238315
-0.007382744643891215,-0.009144457717180865
0.012979437071605667,0.006485138224901277
0.007486323063633894,0.0010738920325471517
0.00014289797084868398,-0.0007426661715559138
0.016573796256608243,0.0075147611379495155
0.008713984539704712,0.0016802590057784378
0.014072732339417656,0.004664102773913816
0.007831821929101307,-0.00012216973448444835
-0.0006816632583503362,0.0005294668675925364
0.007639836289222405,0.005413986811039699
0.004874086108854582,0.00044536216041129285
-0.00579358663433027,-0.0008903278025091011
-0.0025748746442609016,-0.00024303305249514856
0.008016304347826134,0.0024309213191799463
-0.0018870467718021375,4.04171045187104e-05
-0.01201890614449697,-0.0009295558339733184
-0.0016402405686165985,-0.0011731391585760196
-0.004654983570646268,-0.0005670082216191583
-0.0016506189821183569,0.00222879604490004
-0.004408928079360611,0.0004852013585638224
-0.0015222806531967814,-0.0019398642095052932
0.007345807345807361,0.0018221574344022863
-0.003852504127683009,0.0018592619538418333
0.0053867403314917205,-0.002460967442611101
-0.00439620827036691,-4.044325810883647e-05
-0.014626742100179417,-0.014115267947421675
0.015263968631844328,0.0014768624876928685
0.015034482758620737,0.009913157463542469
-0.005027857045794327,-0.00012168410805549257
0.00587271237366849,0.0017443511419415311
-0.016972165648336725,-0.01559083178099941
0.0012430939226517844,-0.0015632070426590788
-0.004690302110635801,0.0007828272423880257
0.013998613998613872,0.010456978180321087
-0.006014215418261314,-0.003585397653194245
-0.00041254125412542816,-0.0023307163886162625
0.0017884165634887254,0.002336161318086779
0.00013732491073887828,4.088976120375738e-05
0.0030207332143347364,0.0011448665003884414
0.013141683778234195,0.004737594445578912
0.010268882583434547,0.006016015609121655
-0.011100708840444007,0.0014141985534768852
-0.0044630781714903745,-0.007182052937378959
-0.00285287325091691,0.003413801511826398
0.012806539509536754,-0.00012150668286756231
-0.00484261501210653,-0.0011747073358447443
0.010543390105433917,0.010665909643928929
-0.0010700909577313843,0.003370651257975215
0.007096946973754511,0.0004799040191960653
-0.0058502858662411615,-0.0003197825478673865
0.00722214792028897,-0.0035987044663921214
-0.0019917673615722437,0.002126891127252302
0.00372538584353381,0.0010011212558065034
-0.006627783669141039,0.0003600432051846358
-0.009741126234320843,-0.0026793569543310243
0.002695054574855179,0.0002004891936325088
-0.015454911974196902,-0.0020445798588838637
0.0,0.0006025790382838777
0.008053508053507906,0.0038943311385900067
0.0002708192281653383,0.0011997600479903337
0.008393123054013676,0.0035150788895546054
0.0016109544905357036,0.0043386538231899195
-0.004691060179600514,0.002140139505390062
0.005790465930514309,0.0011864272720081583
0.017137501673584164,0.005925106651919735
0.00039489272081086134,-0.001138773266315841
0.0038157894736842927,-0.0016511381059087782
0.0,0.002638314628864012
0.001704024118495156,0.0015709685020815556
0.00915990578382626,-0.0014900792094738604
0.004797717842323526,0.0012174049638705713
0.00206478255258757,0.0013335948225142319
-0.0007726980038635193,0.0007050804966900656
0.00025776517592468126,0.0009785884839707206
0.003865481252415889,0.0002737368997340575
0.01155179052753184,0.005160483208882371
0.0002537749016621751,-0.003889385865971763
0.0003805657744513654,0.0017570575143492585
-0.0029165609941669284,-0.004950109136264462
0.0016533129848659504,0.00129264757726512
0.0641188420518029,0.008176199045458004
0.0009545400310225306,-0.003725117380000697
-0.0084634640600786,0.0015579357351508366
0.0,0.0013221854948474892
0.010459245010819792,0.0003883645966832339
0.0010707911957168758,0.003338638922318466
0.0039220347040646334,0.0015476881408397528
-0.0023677045104771263,-0.0006953834266950234
0.0034413195680551355,0.0017010090076158724
-0.005558183538315975,-0.0036278028636486347
-0.0026162444999405263,-0.00030987333927273085
0.0007153928699177569,0.000929908171568093
0.0014297628976526907,-0.0023226106143303758
-0.01273051754907785,-0.0050052380398091815
0.002651241262954915,0.00850101388238967
-0.009615384615384581,-0.002938674503131973
